X_Axis(um/deg),Y_Axis(um),Z_Altitude(um),Intensity(%)
1e+07,0,0,0
9.99962e+06,87265.4,0,0
9.99848e+06,174524,0,0
9.99657e+06,261769,0,0
9.99391e+06,348995,0,0
9.99048e+06,436194,0,0
9.9863e+06,523360,0,0
9.98135e+06,610485,0,0
9.97564e+06,697565,0,0
9.96917e+06,784591,0,0
9.96195e+06,871557,0,0
9.95396e+06,958458,0,0
9.94522e+06,1.04528e+06,0,0
9.93572e+06,1.13203e+06,0,0
9.92546e+06,1.21869e+06,0,0
9.91445e+06,1.30526e+06,0,0
9.90268e+06,1.39173e+06,0,0
9.89016e+06,1.47809e+06,0,0
9.87688e+06,1.56434e+06,0,0
9.86286e+06,1.65048e+06,0,0
9.84808e+06,1.73648e+06,0,0
9.83255e+06,1.82236e+06,0,0
9.81627e+06,1.90809e+06,0,0
9.79925e+06,1.99368e+06,0,0
9.78148e+06,2.07912e+06,0,0
9.76296e+06,2.1644e+06,0,0
9.7437e+06,2.24951e+06,0,0
9.7237e+06,2.33445e+06,0,0
9.70296e+06,2.41922e+06,0,0
9.68148e+06,2.5038e+06,0,0
9.65926e+06,2.58819e+06,0,0
9.6363e+06,2.67238e+06,0,0
9.61262e+06,2.75637e+06,0,0
9.5882e+06,2.84015e+06,0,0
9.56305e+06,2.92372e+06,0,0
9.53717e+06,3.00706e+06,0,0
9.51056e+06,3.09017e+06,0,0
9.48324e+06,3.17305e+06,0,0
9.45519e+06,3.25568e+06,0,0
9.42641e+06,3.33807e+06,0,0
9.39693e+06,3.4202e+06,0,0
9.36672e+06,3.50207e+06,0,0
9.3358e+06,3.58368e+06,0,0
9.30418e+06,3.66501e+06,0,0
9.27184e+06,3.74607e+06,0,0
9.23879e+06,3.82683e+06,0,0
9.20505e+06,3.90731e+06,0,0
9.1706e+06,3.98749e+06,0,0
9.13545e+06,4.06737e+06,0,0
9.09961e+06,4.14693e+06,0,0
9.06308e+06,4.22618e+06,0,0
9.02585e+06,4.30511e+06,0,0
8.98794e+06,4.38371e+06,0,0
8.94934e+06,4.46198e+06,0,0
8.91006e+06,4.5399e+06,0,0
8.87011e+06,4.61749e+06,0,0
8.82948e+06,4.69472e+06,0,0
8.78817e+06,4.77159e+06,0,0
8.7462e+06,4.8481e+06,0,0
8.70356e+06,4.92424e+06,0,0
8.66025e+06,5e+06,0,0
8.61629e+06,5.07538e+06,0,0
8.57167e+06,5.15038e+06,0,0
8.5264e+06,5.22499e+06,0,0
8.48048e+06,5.29919e+06,0,0
8.43391e+06,5.373e+06,0,0
8.3867e+06,5.44639e+06,0,0
8.33886e+06,5.51937e+06,0,0
8.29037e+06,5.59193e+06,0,0
8.24126e+06,5.66406e+06,0,0
8.19152e+06,5.73576e+06,0,0
8.14115e+06,5.80703e+06,0,0
8.09017e+06,5.87785e+06,0,0
8.03857e+06,5.94823e+06,0,0
7.98635e+06,6.01815e+06,0,0
7.93353e+06,6.08761e+06,0,0
7.88011e+06,6.15661e+06,0,0
7.82608e+06,6.22515e+06,0,0
7.77146e+06,6.2932e+06,0,0
7.71624e+06,6.36078e+06,0,0
7.66044e+06,6.42788e+06,0,0
7.60406e+06,6.49448e+06,0,0
7.54709e+06,6.56059e+06,0,0
7.48956e+06,6.6262e+06,0,0
7.43145e+06,6.69131e+06,0,0
7.37277e+06,6.7559e+06,0,0
7.31354e+06,6.81998e+06,0,0
7.25374e+06,6.88354e+06,0,0
7.1934e+06,6.94658e+06,0,0
7.1325e+06,7.00909e+06,0,0
7.07107e+06,7.07107e+06,0,0
7.00909e+06,7.1325e+06,0,0
6.94658e+06,7.1934e+06,0,0
6.88354e+06,7.25374e+06,0,0
6.81998e+06,7.31354e+06,0,0
6.7559e+06,7.37277e+06,0,0
6.69131e+06,7.43145e+06,0,0
6.6262e+06,7.48956e+06,0,0
6.56059e+06,7.54709e+06,0,0
6.49448e+06,7.60406e+06,0,0
6.42788e+06,7.66044e+06,0,0
6.36078e+06,7.71624e+06,0,0
6.2932e+06,7.77146e+06,0,0
6.22515e+06,7.82608e+06,0,0
6.15661e+06,7.88011e+06,0,0
6.08761e+06,7.93353e+06,0,0
6.01815e+06,7.98635e+06,0,0
5.94823e+06,8.03857e+06,0,0
5.87785e+06,8.09017e+06,0,0
5.80703e+06,8.14115e+06,0,0
5.73576e+06,8.19152e+06,0,0
5.66406e+06,8.24126e+06,0,0
5.59193e+06,8.29037e+06,0,0
5.51937e+06,8.33886e+06,0,0
5.44639e+06,8.3867e+06,0,0
5.373e+06,8.43391e+06,0,0
5.29919e+06,8.48048e+06,0,0
5.22498e+06,8.5264e+06,0,0
5.15038e+06,8.57167e+06,0,0
5.07538e+06,8.61629e+06,0,0
5e+06,8.66025e+06,0,0
4.92423e+06,8.70356e+06,0,0
4.8481e+06,8.7462e+06,0,0
4.77159e+06,8.78817e+06,0,0
4.69471e+06,8.82947e+06,0,0
4.61749e+06,8.87011e+06,0,0
4.5399e+06,8.91006e+06,0,0
4.46198e+06,8.94934e+06,0,0
4.38371e+06,8.98794e+06,0,0
4.30511e+06,9.02585e+06,0,0
4.22618e+06,9.06308e+06,0,0
4.14693e+06,9.09961e+06,0,0
4.06737e+06,9.13545e+06,0,0
3.98749e+06,9.1706e+06,0,0
3.90731e+06,9.20505e+06,0,0
3.82683e+06,9.23879e+06,0,0
3.74607e+06,9.27184e+06,0,0
3.66501e+06,9.30417e+06,0,0
3.58368e+06,9.3358e+06,0,0
3.50207e+06,9.36672e+06,0,0
3.4202e+06,9.39692e+06,0,0
3.33807e+06,9.42641e+06,0,0
3.25568e+06,9.45518e+06,0,0
3.17305e+06,9.48323e+06,0,0
3.09017e+06,9.51056e+06,0,0
3.00706e+06,9.53717e+06,0,0
2.92372e+06,9.56305e+06,0,0
2.84015e+06,9.5882e+06,0,0
2.75637e+06,9.61261e+06,0,0
2.67238e+06,9.6363e+06,0,0
2.58819e+06,9.65926e+06,0,0
2.5038e+06,9.68147e+06,0,0
2.41922e+06,9.70296e+06,0,0
2.33445e+06,9.7237e+06,0,0
2.24951e+06,9.7437e+06,0,0
2.1644e+06,9.76296e+06,0,0
2.07912e+06,9.78147e+06,0,0
1.99368e+06,9.79924e+06,0,0
1.90809e+06,9.81627e+06,0,0
1.82235e+06,9.83255e+06,0,0
1.73648e+06,9.84808e+06,0,0
1.65048e+06,9.86285e+06,0,0
1.56434e+06,9.87688e+06,0,0
1.47809e+06,9.89016e+06,0,0
1.39173e+06,9.90268e+06,0,0
1.30526e+06,9.91445e+06,0,0
1.21869e+06,9.92546e+06,0,0
1.13203e+06,9.93572e+06,0,0
1.04528e+06,9.94522e+06,0,0
958457,9.95396e+06,0,0
871557,9.96194e+06,0,0
784591,9.96917e+06,0,0
697565,9.97564e+06,0,0
610485,9.98135e+06,0,0
523359,9.98629e+06,0,0
436194,9.99048e+06,0,0
348995,9.99391e+06,0,0
261769,9.99657e+06,0,0
174524,9.99847e+06,0,0
87265.3,9.99962e+06,0,0
6.12323e-10,1e+07,0,0
-87265.3,9.99962e+06,0,0
-174524,9.99847e+06,0,0
-261769,9.99657e+06,0,0
-348995,9.99391e+06,0,0
-436194,9.99048e+06,0,0
-523359,9.98629e+06,0,0
-610485,9.98135e+06,0,0
-697565,9.97564e+06,0,0
-784591,9.96917e+06,0,0
-871557,9.96194e+06,0,0
-958457,9.95396e+06,0,0
-1.04528e+06,9.94522e+06,0,0
-1.13203e+06,9.93572e+06,0,0
-1.21869e+06,9.92546e+06,0,0
-1.30526e+06,9.91445e+06,0,0
-1.39173e+06,9.90268e+06,0,0
-1.47809e+06,9.89016e+06,0,0
-1.56434e+06,9.87688e+06,0,0
-1.65048e+06,9.86285e+06,0,0
-1.73648e+06,9.84807e+06,0,0
-1.82235e+06,9.83255e+06,0,0
-1.90809e+06,9.81627e+06,0,0
-1.99368e+06,9.79924e+06,0,0
-2.07912e+06,9.78147e+06,0,0
-2.1644e+06,9.76296e+06,0,0
-2.24951e+06,9.7437e+06,0,0
-2.33445e+06,9.7237e+06,0,0
-2.41922e+06,9.70295e+06,0,0
-2.5038e+06,9.68147e+06,0,0
-2.58819e+06,9.65926e+06,0,0
-2.67238e+06,9.6363e+06,0,0
-2.75637e+06,9.61261e+06,0,0
-2.84015e+06,9.58819e+06,0,0
-2.92372e+06,9.56304e+06,0,0
-3.00706e+06,9.53717e+06,0,0
-3.09017e+06,9.51056e+06,0,0
-3.17305e+06,9.48323e+06,0,0
-3.25568e+06,9.45518e+06,0,0
-3.33807e+06,9.42641e+06,0,0
-3.4202e+06,9.39692e+06,0,0
-3.50207e+06,9.36672e+06,0,0
-3.58368e+06,9.3358e+06,0,0
-3.66501e+06,9.30417e+06,0,0
-3.74606e+06,9.27184e+06,0,0
-3.82683e+06,9.23879e+06,0,0
-3.90731e+06,9.20505e+06,0,0
-3.98749e+06,9.1706e+06,0,0
-4.06737e+06,9.13545e+06,0,0
-4.14693e+06,9.09961e+06,0,0
-4.22618e+06,9.06307e+06,0,0
-4.30511e+06,9.02585e+06,0,0
-4.38371e+06,8.98794e+06,0,0
-4.46198e+06,8.94934e+06,0,0
-4.5399e+06,8.91006e+06,0,0
-4.61748e+06,8.87011e+06,0,0
-4.69471e+06,8.82947e+06,0,0
-4.77159e+06,8.78817e+06,0,0
-4.84809e+06,8.74619e+06,0,0
-4.92423e+06,8.70355e+06,0,0
-5e+06,8.66025e+06,0,0
-5.07538e+06,8.61629e+06,0,0
-5.15038e+06,8.57167e+06,0,0
-5.22498e+06,8.5264e+06,0,0
-5.29919e+06,8.48048e+06,0,0
-5.37299e+06,8.43391e+06,0,0
-5.44639e+06,8.3867e+06,0,0
-5.51937e+06,8.33886e+06,0,0
-5.59193e+06,8.29037e+06,0,0
-5.66406e+06,8.24126e+06,0,0
-5.73576e+06,8.19152e+06,0,0
-5.80703e+06,8.14115e+06,0,0
-5.87785e+06,8.09017e+06,0,0
-5.94823e+06,8.03857e+06,0,0
-6.01815e+06,7.98635e+06,0,0
-6.08761e+06,7.93353e+06,0,0
-6.15661e+06,7.8801e+06,0,0
-6.22514e+06,7.82608e+06,0,0
-6.2932e+06,7.77146e+06,0,0
-6.36078e+06,7.71624e+06,0,0
-6.42787e+06,7.66044e+06,0,0
-6.49448e+06,7.60406e+06,0,0
-6.56059e+06,7.54709e+06,0,0
-6.6262e+06,7.48955e+06,0,0
-6.6913e+06,7.43145e+06,0,0
-6.7559e+06,7.37277e+06,0,0
-6.81998e+06,7.31353e+06,0,0
-6.88354e+06,7.25374e+06,0,0
-6.94658e+06,7.1934e+06,0,0
-7.00909e+06,7.1325e+06,0,0
-7.07107e+06,7.07107e+06,0,0
-7.1325e+06,7.00909e+06,0,0
-7.1934e+06,6.94658e+06,0,0
-7.25374e+06,6.88354e+06,0,0
-7.31353e+06,6.81998e+06,0,0
-7.37277e+06,6.7559e+06,0,0
-7.43145e+06,6.6913e+06,0,0
-7.48955e+06,6.6262e+06,0,0
-7.54709e+06,6.56059e+06,0,0
-7.60406e+06,6.49448e+06,0,0
-7.66044e+06,6.42787e+06,0,0
-7.71624e+06,6.36078e+06,0,0
-7.77146e+06,6.2932e+06,0,0
-7.82608e+06,6.22514e+06,0,0
-7.8801e+06,6.15661e+06,0,0
-7.93353e+06,6.08761e+06,0,0
-7.98635e+06,6.01815e+06,0,0
-8.03857e+06,5.94823e+06,0,0
-8.09017e+06,5.87785e+06,0,0
-8.14115e+06,5.80703e+06,0,0
-8.19152e+06,5.73576e+06,0,0
-8.24126e+06,5.66406e+06,0,0
-8.29037e+06,5.59193e+06,0,0
-8.33885e+06,5.51937e+06,0,0
-8.3867e+06,5.44639e+06,0,0
-8.43391e+06,5.37299e+06,0,0
-8.48048e+06,5.29919e+06,0,0
-8.5264e+06,5.22498e+06,0,0
-8.57167e+06,5.15038e+06,0,0
-8.61629e+06,5.07538e+06,0,0
-8.66025e+06,5e+06,0,0
-8.70355e+06,4.92423e+06,0,0
-8.74619e+06,4.84809e+06,0,0
-8.78817e+06,4.77159e+06,0,0
-8.82947e+06,4.69471e+06,0,0
-8.8701e+06,4.61748e+06,0,0
-8.91006e+06,4.5399e+06,0,0
-8.94934e+06,4.46198e+06,0,0
-8.98794e+06,4.38371e+06,0,0
-9.02585e+06,4.30511e+06,0,0
-9.06307e+06,4.22618e+06,0,0
-9.09961e+06,4.14693e+06,0,0
-9.13545e+06,4.06736e+06,0,0
-9.1706e+06,3.98749e+06,0,0
-9.20504e+06,3.90731e+06,0,0
-9.23879e+06,3.82683e+06,0,0
-9.27183e+06,3.74606e+06,0,0
-9.30417e+06,3.66501e+06,0,0
-9.3358e+06,3.58368e+06,0,0
-9.36672e+06,3.50207e+06,0,0
-9.39692e+06,3.4202e+06,0,0
-9.42641e+06,3.33807e+06,0,0
-9.45518e+06,3.25568e+06,0,0
-9.48323e+06,3.17305e+06,0,0
-9.51056e+06,3.09017e+06,0,0
-9.53717e+06,3.00706e+06,0,0
-9.56304e+06,2.92372e+06,0,0
-9.58819e+06,2.84015e+06,0,0
-9.61261e+06,2.75637e+06,0,0
-9.6363e+06,2.67238e+06,0,0
-9.65925e+06,2.58819e+06,0,0
-9.68147e+06,2.5038e+06,0,0
-9.70295e+06,2.41922e+06,0,0
-9.72369e+06,2.33445e+06,0,0
-9.7437e+06,2.24951e+06,0,0
-9.76296e+06,2.1644e+06,0,0
-9.78147e+06,2.07912e+06,0,0
-9.79924e+06,1.99368e+06,0,0
-9.81627e+06,1.90809e+06,0,0
-9.83254e+06,1.82235e+06,0,0
-9.84807e+06,1.73648e+06,0,0
-9.86285e+06,1.65048e+06,0,0
-9.87688e+06,1.56434e+06,0,0
-9.89015e+06,1.47809e+06,0,0
-9.90268e+06,1.39173e+06,0,0
-9.91444e+06,1.30526e+06,0,0
-9.92546e+06,1.21869e+06,0,0
-9.93571e+06,1.13203e+06,0,0
-9.94521e+06,1.04528e+06,0,0
-9.95396e+06,958457,0,0
-9.96194e+06,871557,0,0
-9.96917e+06,784591,0,0
-9.97564e+06,697564,0,0
-9.98134e+06,610485,0,0
-9.98629e+06,523359,0,0
-9.99048e+06,436194,0,0
-9.9939e+06,348995,0,0
-9.99657e+06,261769,0,0
-9.99847e+06,174524,0,0
-9.99961e+06,87265.3,0,0
-1e+07,1.22465e-09,0,0
-9.99961e+06,-87265.3,0,0
-9.99847e+06,-174524,0,0
-9.99657e+06,-261769,0,0
-9.9939e+06,-348995,0,0
-9.99048e+06,-436194,0,0
-9.98629e+06,-523359,0,0
-9.98134e+06,-610485,0,0
-9.97564e+06,-697564,0,0
-9.96917e+06,-784591,0,0
-9.96194e+06,-871557,0,0
-9.95396e+06,-958457,0,0
-9.94521e+06,-1.04528e+06,0,0
-9.93571e+06,-1.13203e+06,0,0
-9.92546e+06,-1.21869e+06,0,0
-9.91444e+06,-1.30526e+06,0,0
-9.90268e+06,-1.39173e+06,0,0
-9.89015e+06,-1.47809e+06,0,0
-9.87688e+06,-1.56434e+06,0,0
-9.86285e+06,-1.65048e+06,0,0
-9.84807e+06,-1.73648e+06,0,0
-9.83254e+06,-1.82235e+06,0,0
-9.81627e+06,-1.90809e+06,0,0
-9.79924e+06,-1.99368e+06,0,0
-9.78147e+06,-2.07912e+06,0,0
-9.76295e+06,-2.16439e+06,0,0
-9.7437e+06,-2.24951e+06,0,0
-9.72369e+06,-2.33445e+06,0,0
-9.70295e+06,-2.41922e+06,0,0
-9.68147e+06,-2.5038e+06,0,0
-9.65925e+06,-2.58819e+06,0,0
-9.6363e+06,-2.67238e+06,0,0
-9.61261e+06,-2.75637e+06,0,0
-9.58819e+06,-2.84015e+06,0,0
-9.56304e+06,-2.92372e+06,0,0
-9.53716e+06,-3.00706e+06,0,0
-9.51056e+06,-3.09017e+06,0,0
-9.48323e+06,-3.17304e+06,0,0
-9.45518e+06,-3.25568e+06,0,0
-9.42641e+06,-3.33807e+06,0,0
-9.39692e+06,-3.4202e+06,0,0
-9.36672e+06,-3.50207e+06,0,0
-9.3358e+06,-3.58368e+06,0,0
-9.30417e+06,-3.66501e+06,0,0
-9.27183e+06,-3.74606e+06,0,0
-9.23879e+06,-3.82683e+06,0,0
-9.20504e+06,-3.90731e+06,0,0
-9.1706e+06,-3.98749e+06,0,0
-9.13545e+06,-4.06736e+06,0,0
-9.09961e+06,-4.14693e+06,0,0
-9.06307e+06,-4.22618e+06,0,0
-9.02585e+06,-4.30511e+06,0,0
-8.98794e+06,-4.38371e+06,0,0
-8.94934e+06,-4.46198e+06,0,0
-8.91006e+06,-4.5399e+06,0,0
-8.8701e+06,-4.61748e+06,0,0
-8.82947e+06,-4.69471e+06,0,0
-8.78817e+06,-4.77158e+06,0,0
-8.74619e+06,-4.84809e+06,0,0
-8.70355e+06,-4.92423e+06,0,0
-8.66025e+06,-5e+06,0,0
-8.61629e+06,-5.07538e+06,0,0
-8.57167e+06,-5.15038e+06,0,0
-8.5264e+06,-5.22498e+06,0,0
-8.48048e+06,-5.29919e+06,0,0
-8.43391e+06,-5.37299e+06,0,0
-8.3867e+06,-5.44639e+06,0,0
-8.33885e+06,-5.51937e+06,0,0
-8.29037e+06,-5.59193e+06,0,0
-8.24126e+06,-5.66406e+06,0,0
-8.19152e+06,-5.73576e+06,0,0
-8.14115e+06,-5.80703e+06,0,0
-8.09017e+06,-5.87785e+06,0,0
-8.03856e+06,-5.94822e+06,0,0
-7.98635e+06,-6.01815e+06,0,0
-7.93353e+06,-6.08761e+06,0,0
-7.8801e+06,-6.15661e+06,0,0
-7.82608e+06,-6.22514e+06,0,0
-7.77145e+06,-6.2932e+06,0,0
-7.71624e+06,-6.36078e+06,0,0
-7.66044e+06,-6.42787e+06,0,0
-7.60405e+06,-6.49448e+06,0,0
-7.54709e+06,-6.56059e+06,0,0
-7.48955e+06,-6.6262e+06,0,0
-7.43144e+06,-6.6913e+06,0,0
-7.37277e+06,-6.7559e+06,0,0
-7.31353e+06,-6.81998e+06,0,0
-7.25374e+06,-6.88354e+06,0,0
-7.19339e+06,-6.94658e+06,0,0
-7.1325e+06,-7.00909e+06,0,0
-7.07106e+06,-7.07106e+06,0,0
-7.00909e+06,-7.1325e+06,0,0
-6.94658e+06,-7.19339e+06,0,0
-6.88354e+06,-7.25374e+06,0,0
-6.81998e+06,-7.31353e+06,0,0
-6.7559e+06,-7.37277e+06,0,0
-6.6913e+06,-7.43144e+06,0,0
-6.6262e+06,-7.48955e+06,0,0
-6.56059e+06,-7.54709e+06,0,0
-6.49448e+06,-7.60405e+06,0,0
-6.42787e+06,-7.66044e+06,0,0
-6.36078e+06,-7.71624e+06,0,0
-6.2932e+06,-7.77145e+06,0,0
-6.22514e+06,-7.82608e+06,0,0
-6.15661e+06,-7.8801e+06,0,0
-6.08761e+06,-7.93353e+06,0,0
-6.01815e+06,-7.98635e+06,0,0
-5.94822e+06,-8.03856e+06,0,0
-5.87785e+06,-8.09016e+06,0,0
-5.80703e+06,-8.14115e+06,0,0
-5.73576e+06,-8.19152e+06,0,0
-5.66406e+06,-8.24126e+06,0,0
-5.59193e+06,-8.29037e+06,0,0
-5.51937e+06,-8.33885e+06,0,0
-5.44639e+06,-8.3867e+06,0,0
-5.37299e+06,-8.43391e+06,0,0
-5.29919e+06,-8.48048e+06,0,0
-5.22498e+06,-8.5264e+06,0,0
-5.15038e+06,-8.57167e+06,0,0
-5.07538e+06,-8.61629e+06,0,0
-5e+06,-8.66025e+06,0,0
-4.92423e+06,-8.70355e+06,0,0
-4.84809e+06,-8.74619e+06,0,0
-4.77158e+06,-8.78817e+06,0,0
-4.69471e+06,-8.82947e+06,0,0
-4.61748e+06,-8.8701e+06,0,0
-4.5399e+06,-8.91006e+06,0,0
-4.46198e+06,-8.94934e+06,0,0
-4.38371e+06,-8.98793e+06,0,0
-4.30511e+06,-9.02585e+06,0,0
-4.22618e+06,-9.06307e+06,0,0
-4.14693e+06,-9.09961e+06,0,0
-4.06736e+06,-9.13545e+06,0,0
-3.98749e+06,-9.17059e+06,0,0
-3.90731e+06,-9.20504e+06,0,0
-3.82683e+06,-9.23879e+06,0,0
-3.74606e+06,-9.27183e+06,0,0
-3.66501e+06,-9.30417e+06,0,0
-3.58368e+06,-9.3358e+06,0,0
-3.50207e+06,-9.36672e+06,0,0
-3.4202e+06,-9.39692e+06,0,0
-3.33807e+06,-9.42641e+06,0,0
-3.25568e+06,-9.45518e+06,0,0
-3.17304e+06,-9.48323e+06,0,0
-3.09017e+06,-9.51056e+06,0,0
-3.00706e+06,-9.53716e+06,0,0
-2.92371e+06,-9.56304e+06,0,0
-2.84015e+06,-9.58819e+06,0,0
-2.75637e+06,-9.61261e+06,0,0
-2.67238e+06,-9.6363e+06,0,0
-2.58819e+06,-9.65925e+06,0,0
-2.5038e+06,-9.68147e+06,0,0
-2.41922e+06,-9.70295e+06,0,0
-2.33445e+06,-9.72369e+06,0,0
-2.24951e+06,-9.74369e+06,0,0
-2.16439e+06,-9.76295e+06,0,0
-2.07912e+06,-9.78147e+06,0,0
-1.99368e+06,-9.79924e+06,0,0
-1.90809e+06,-9.81626e+06,0,0
-1.82235e+06,-9.83254e+06,0,0
-1.73648e+06,-9.84807e+06,0,0
-1.65047e+06,-9.86285e+06,0,0
-1.56434e+06,-9.87688e+06,0,0
-1.47809e+06,-9.89015e+06,0,0
-1.39173e+06,-9.90267e+06,0,0
-1.30526e+06,-9.91444e+06,0,0
-1.21869e+06,-9.92545e+06,0,0
-1.13203e+06,-9.93571e+06,0,0
-1.04528e+06,-9.94521e+06,0,0
-958457,-9.95395e+06,0,0
-871557,-9.96194e+06,0,0
-784590,-9.96917e+06,0,0
-697564,-9.97563e+06,0,0
-610485,-9.98134e+06,0,0
-523359,-9.98629e+06,0,0
-436194,-9.99047e+06,0,0
-348995,-9.9939e+06,0,0
-261769,-9.99657e+06,0,0
-174524,-9.99847e+06,0,0
-87265.3,-9.99961e+06,0,0
-1.83697e-09,-9.99999e+06,0,0
87265.3,-9.99961e+06,0,0
174524,-9.99847e+06,0,0
261769,-9.99657e+06,0,0
348995,-9.9939e+06,0,0
436194,-9.99047e+06,0,0
523359,-9.98629e+06,0,0
610485,-9.98134e+06,0,0
697564,-9.97563e+06,0,0
784590,-9.96917e+06,0,0
871557,-9.96194e+06,0,0
958457,-9.95395e+06,0,0
1.04528e+06,-9.94521e+06,0,0
1.13203e+06,-9.93571e+06,0,0
1.21869e+06,-9.92545e+06,0,0
1.30526e+06,-9.91444e+06,0,0
1.39173e+06,-9.90267e+06,0,0
1.47809e+06,-9.89015e+06,0,0
1.56434e+06,-9.87688e+06,0,0
1.65047e+06,-9.86285e+06,0,0
1.73648e+06,-9.84807e+06,0,0
1.82235e+06,-9.83254e+06,0,0
1.90809e+06,-9.81626e+06,0,0
1.99368e+06,-9.79924e+06,0,0
2.07912e+06,-9.78147e+06,0,0
2.16439e+06,-9.76295e+06,0,0
2.24951e+06,-9.74369e+06,0,0
2.33445e+06,-9.72369e+06,0,0
2.41922e+06,-9.70295e+06,0,0
2.5038e+06,-9.68147e+06,0,0
2.58819e+06,-9.65925e+06,0,0
2.67238e+06,-9.6363e+06,0,0
2.75637e+06,-9.61261e+06,0,0
2.84015e+06,-9.58819e+06,0,0
2.92371e+06,-9.56304e+06,0,0
3.00706e+06,-9.53716e+06,0,0
3.09017e+06,-9.51056e+06,0,0
3.17304e+06,-9.48323e+06,0,0
3.25568e+06,-9.45518e+06,0,0
3.33807e+06,-9.42641e+06,0,0
3.4202e+06,-9.39692e+06,0,0
3.50207e+06,-9.36671e+06,0,0
3.58368e+06,-9.3358e+06,0,0
3.66501e+06,-9.30417e+06,0,0
3.74606e+06,-9.27183e+06,0,0
3.82683e+06,-9.23879e+06,0,0
3.90731e+06,-9.20504e+06,0,0
3.98749e+06,-9.17059e+06,0,0
4.06736e+06,-9.13545e+06,0,0
4.14693e+06,-9.09961e+06,0,0
4.22618e+06,-9.06307e+06,0,0
4.30511e+06,-9.02585e+06,0,0
4.38371e+06,-8.98793e+06,0,0
4.46197e+06,-8.94934e+06,0,0
4.5399e+06,-8.91006e+06,0,0
4.61748e+06,-8.8701e+06,0,0
4.69471e+06,-8.82947e+06,0,0
4.77158e+06,-8.78816e+06,0,0
4.84809e+06,-8.74619e+06,0,0
4.92423e+06,-8.70355e+06,0,0
5e+06,-8.66025e+06,0,0
5.07538e+06,-8.61628e+06,0,0
5.15038e+06,-8.57167e+06,0,0
5.22498e+06,-8.52639e+06,0,0
5.29919e+06,-8.48047e+06,0,0
5.37299e+06,-8.43391e+06,0,0
5.44639e+06,-8.3867e+06,0,0
5.51937e+06,-8.33885e+06,0,0
5.59192e+06,-8.29037e+06,0,0
5.66406e+06,-8.24125e+06,0,0
5.73576e+06,-8.19151e+06,0,0
5.80702e+06,-8.14115e+06,0,0
5.87785e+06,-8.09016e+06,0,0
5.94822e+06,-8.03856e+06,0,0
6.01815e+06,-7.98635e+06,0,0
6.08761e+06,-7.93353e+06,0,0
6.15661e+06,-7.8801e+06,0,0
6.22514e+06,-7.82607e+06,0,0
6.2932e+06,-7.77145e+06,0,0
6.36078e+06,-7.71624e+06,0,0
6.42787e+06,-7.66044e+06,0,0
6.49447e+06,-7.60405e+06,0,0
6.56058e+06,-7.54709e+06,0,0
6.62619e+06,-7.48955e+06,0,0
6.6913e+06,-7.43144e+06,0,0
6.7559e+06,-7.37277e+06,0,0
6.81998e+06,-7.31353e+06,0,0
6.88354e+06,-7.25374e+06,0,0
6.94658e+06,-7.19339e+06,0,0
7.00909e+06,-7.1325e+06,0,0
7.07106e+06,-7.07106e+06,0,0
7.1325e+06,-7.00909e+06,0,0
7.19339e+06,-6.94658e+06,0,0
7.25374e+06,-6.88354e+06,0,0
7.31353e+06,-6.81998e+06,0,0
7.37277e+06,-6.7559e+06,0,0
7.43144e+06,-6.6913e+06,0,0
7.48955e+06,-6.62619e+06,0,0
7.54709e+06,-6.56058e+06,0,0
7.60405e+06,-6.49447e+06,0,0
7.66044e+06,-6.42787e+06,0,0
7.71624e+06,-6.36078e+06,0,0
7.77145e+06,-6.2932e+06,0,0
7.82607e+06,-6.22514e+06,0,0
7.8801e+06,-6.15661e+06,0,0
7.93353e+06,-6.08761e+06,0,0
7.98635e+06,-6.01814e+06,0,0
8.03856e+06,-5.94822e+06,0,0
8.09016e+06,-5.87785e+06,0,0
8.14115e+06,-5.80702e+06,0,0
8.19151e+06,-5.73576e+06,0,0
8.24125e+06,-5.66406e+06,0,0
8.29037e+06,-5.59192e+06,0,0
8.33885e+06,-5.51936e+06,0,0
8.3867e+06,-5.44639e+06,0,0
8.43391e+06,-5.37299e+06,0,0
8.48047e+06,-5.29919e+06,0,0
8.52639e+06,-5.22498e+06,0,0
8.57167e+06,-5.15038e+06,0,0
8.61628e+06,-5.07538e+06,0,0
8.66025e+06,-5e+06,0,0
8.70355e+06,-4.92423e+06,0,0
8.74619e+06,-4.84809e+06,0,0
8.78816e+06,-4.77158e+06,0,0
8.82947e+06,-4.69471e+06,0,0
8.8701e+06,-4.61748e+06,0,0
8.91006e+06,-4.5399e+06,0,0
8.94934e+06,-4.46197e+06,0,0
8.98793e+06,-4.38371e+06,0,0
9.02584e+06,-4.30511e+06,0,0
9.06307e+06,-4.22618e+06,0,0
9.0996e+06,-4.14693e+06,0,0
9.13545e+06,-4.06736e+06,0,0
9.17059e+06,-3.98749e+06,0,0
9.20504e+06,-3.90731e+06,0,0
9.23879e+06,-3.82683e+06,0,0
9.27183e+06,-3.74606e+06,0,0
9.30417e+06,-3.66501e+06,0,0
9.3358e+06,-3.58368e+06,0,0
9.36671e+06,-3.50207e+06,0,0
9.39692e+06,-3.4202e+06,0,0
9.42641e+06,-3.33807e+06,0,0
9.45518e+06,-3.25568e+06,0,0
9.48323e+06,-3.17304e+06,0,0
9.51056e+06,-3.09017e+06,0,0
9.53716e+06,-3.00706e+06,0,0
9.56304e+06,-2.92371e+06,0,0
9.58819e+06,-2.84015e+06,0,0
9.61261e+06,-2.75637e+06,0,0
9.6363e+06,-2.67238e+06,0,0
9.65925e+06,-2.58819e+06,0,0
9.68147e+06,-2.5038e+06,0,0
9.70295e+06,-2.41922e+06,0,0
9.72369e+06,-2.33445e+06,0,0
9.74369e+06,-2.24951e+06,0,0
9.76295e+06,-2.16439e+06,0,0
9.78147e+06,-2.07911e+06,0,0
9.79924e+06,-1.99368e+06,0,0
9.81626e+06,-1.90809e+06,0,0
9.83254e+06,-1.82235e+06,0,0
9.84807e+06,-1.73648e+06,0,0
9.86285e+06,-1.65047e+06,0,0
9.87687e+06,-1.56434e+06,0,0
9.89015e+06,-1.47809e+06,0,0
9.90267e+06,-1.39173e+06,0,0
9.91444e+06,-1.30526e+06,0,0
9.92545e+06,-1.21869e+06,0,0
9.93571e+06,-1.13203e+06,0,0
9.94521e+06,-1.04528e+06,0,0
9.95395e+06,-958457,0,0
9.96194e+06,-871557,0,0
9.96916e+06,-784590,0,0
9.97563e+06,-697564,0,0
9.98134e+06,-610485,0,0
9.98629e+06,-523359,0,0
9.99047e+06,-436193,0,0
9.9939e+06,-348995,0,0
9.99656e+06,-261769,0,0
9.99847e+06,-174524,0,0
9.99961e+06,-87265.3,0,0
9.99999e+06,-2.44929e-09,0,0
9.99961e+06,87265.3,0,0
9.99847e+06,174524,0,0
9.99656e+06,261769,0,0
9.9939e+06,348995,0,0
9.99047e+06,436193,0,0
9.98629e+06,523359,0,0
9.98134e+06,610485,0,0
9.97563e+06,697564,0,0
9.96916e+06,784590,0,0
9.96194e+06,871557,0,0
9.95395e+06,958457,0,0
9.94521e+06,1.04528e+06,0,0
9.93571e+06,1.13203e+06,0,0
9.92545e+06,1.21869e+06,0,0
9.91444e+06,1.30526e+06,0,0
9.90267e+06,1.39173e+06,0,0
9.89015e+06,1.47809e+06,0,0
9.87687e+06,1.56434e+06,0,0
9.86285e+06,1.65047e+06,0,0
9.84807e+06,1.73648e+06,0,0
9.83254e+06,1.82235e+06,0,0
9.81626e+06,1.90809e+06,0,0
9.79924e+06,1.99368e+06,0,0
9.78147e+06,2.07911e+06,0,0
9.76295e+06,2.16439e+06,0,0
9.74369e+06,2.24951e+06,0,0
9.72369e+06,2.33445e+06,0,0
9.70295e+06,2.41922e+06,0,0
9.68147e+06,2.5038e+06,0,0
9.65925e+06,2.58819e+06,0,0
9.63629e+06,2.67238e+06,0,0
9.61261e+06,2.75637e+06,0,0
9.58819e+06,2.84015e+06,0,0
9.56304e+06,2.92371e+06,0,0
9.53716e+06,3.00705e+06,0,0
9.51056e+06,3.09017e+06,0,0
9.48323e+06,3.17304e+06,0,0
9.45518e+06,3.25568e+06,0,0
9.4264e+06,3.33807e+06,0,0
9.39692e+06,3.4202e+06,0,0
9.36671e+06,3.50207e+06,0,0
9.33579e+06,3.58368e+06,0,0
9.30417e+06,3.66501e+06,0,0
9.27183e+06,3.74606e+06,0,0
9.23879e+06,3.82683e+06,0,0
9.20504e+06,3.90731e+06,0,0
9.17059e+06,3.98749e+06,0,0
9.13544e+06,4.06736e+06,0,0
9.0996e+06,4.14693e+06,0,0
9.06307e+06,4.22618e+06,0,0
9.02584e+06,4.30511e+06,0,0
8.98793e+06,4.38371e+06,0,0
8.94933e+06,4.46197e+06,0,0
8.91006e+06,4.5399e+06,0,0
8.8701e+06,4.61748e+06,0,0
8.82947e+06,4.69471e+06,0,0
8.78816e+06,4.77158e+06,0,0
8.74619e+06,4.84809e+06,0,0
8.70355e+06,4.92423e+06,0,0
8.66024e+06,4.99999e+06,0,0
8.61628e+06,5.07538e+06,0,0
8.57166e+06,5.15038e+06,0,0
8.52639e+06,5.22498e+06,0,0
8.48047e+06,5.29919e+06,0,0
8.43391e+06,5.37299e+06,0,0
8.3867e+06,5.44638e+06,0,0
8.33885e+06,5.51936e+06,0,0
8.29037e+06,5.59192e+06,0,0
8.24125e+06,5.66406e+06,0,0
8.19151e+06,5.73576e+06,0,0
8.14115e+06,5.80702e+06,0,0
8.09016e+06,5.87785e+06,0,0
8.03856e+06,5.94822e+06,0,0
7.98635e+06,6.01814e+06,0,0
7.93352e+06,6.08761e+06,0,0
7.8801e+06,6.15661e+06,0,0
7.82607e+06,6.22514e+06,0,0
7.77145e+06,6.2932e+06,0,0
7.71624e+06,6.36078e+06,0,0
7.66044e+06,6.42787e+06,0,0
7.60405e+06,6.49447e+06,0,0
7.54709e+06,6.56058e+06,0,0
7.48955e+06,6.62619e+06,0,0
7.43144e+06,6.6913e+06,0,0
7.37277e+06,6.75589e+06,0,0
7.31353e+06,6.81998e+06,0,0
7.25374e+06,6.88354e+06,0,0
7.19339e+06,6.94658e+06,0,0
7.1325e+06,7.00908e+06,0,0
7.07106e+06,7.07106e+06,0,0
7.00908e+06,7.1325e+06,0,0
6.94658e+06,7.19339e+06,0,0
6.88354e+06,7.25374e+06,0,0
6.81998e+06,7.31353e+06,0,0
6.75589e+06,7.37277e+06,0,0
6.6913e+06,7.43144e+06,0,0
6.62619e+06,7.48955e+06,0,0
6.56058e+06,7.54709e+06,0,0
6.49447e+06,7.60405e+06,0,0
6.42787e+06,7.66044e+06,0,0
6.36077e+06,7.71624e+06,0,0
6.2932e+06,7.77145e+06,0,0
6.22514e+06,7.82607e+06,0,0
6.15661e+06,7.8801e+06,0,0
6.08761e+06,7.93352e+06,0,0
6.01814e+06,7.98635e+06,0,0
5.94822e+06,8.03856e+06,0,0
5.87785e+06,8.09016e+06,0,0
5.80702e+06,8.14115e+06,0,0
5.73576e+06,8.19151e+06,0,0
5.66406e+06,8.24125e+06,0,0
5.59192e+06,8.29037e+06,0,0
5.51936e+06,8.33885e+06,0,0
5.44638e+06,8.3867e+06,0,0
5.37299e+06,8.4339e+06,0,0
5.29919e+06,8.48047e+06,0,0
5.22498e+06,8.52639e+06,0,0
5.15037e+06,8.57166e+06,0,0
5.07538e+06,8.61628e+06,0,0
4.99999e+06,8.66024e+06,0,0
4.92423e+06,8.70355e+06,0,0
4.84809e+06,8.74619e+06,0,0
4.77158e+06,8.78816e+06,0,0
4.69471e+06,8.82947e+06,0,0
4.61748e+06,8.8701e+06,0,0
4.5399e+06,8.91005e+06,0,0
4.46197e+06,8.94933e+06,0,0
4.38371e+06,8.98793e+06,0,0
4.30511e+06,9.02584e+06,0,0
4.22618e+06,9.06307e+06,0,0
4.14693e+06,9.0996e+06,0,0
4.06736e+06,9.13544e+06,0,0
3.98749e+06,9.17059e+06,0,0
3.90731e+06,9.20504e+06,0,0
3.82683e+06,9.23878e+06,0,0
3.74606e+06,9.27183e+06,0,0
3.66501e+06,9.30416e+06,0,0
3.58368e+06,9.33579e+06,0,0
3.50207e+06,9.36671e+06,0,0
3.4202e+06,9.39691e+06,0,0
3.33806e+06,9.4264e+06,0,0
3.25568e+06,9.45517e+06,0,0
3.17304e+06,9.48323e+06,0,0
3.09017e+06,9.51055e+06,0,0
3.00705e+06,9.53716e+06,0,0
2.92371e+06,9.56304e+06,0,0
2.84015e+06,9.58819e+06,0,0
2.75637e+06,9.61261e+06,0,0
2.67238e+06,9.63629e+06,0,0
2.58819e+06,9.65925e+06,0,0
2.5038e+06,9.68146e+06,0,0
2.41922e+06,9.70295e+06,0,0
2.33445e+06,9.72369e+06,0,0
2.24951e+06,9.74369e+06,0,0
2.16439e+06,9.76295e+06,0,0
2.07911e+06,9.78146e+06,0,0
1.99368e+06,9.79924e+06,0,0
1.90809e+06,9.81626e+06,0,0
1.82235e+06,9.83254e+06,0,0
1.73648e+06,9.84807e+06,0,0
1.65047e+06,9.86284e+06,0,0
1.56434e+06,9.87687e+06,0,0
1.47809e+06,9.89015e+06,0,0
1.39173e+06,9.90267e+06,0,0
1.30526e+06,9.91444e+06,0,0
1.21869e+06,9.92545e+06,0,0
1.13203e+06,9.93571e+06,0,0
1.04528e+06,9.94521e+06,0,0
958456,9.95395e+06,0,0
871556,9.96193e+06,0,0
784590,9.96916e+06,0,0
697564,9.97563e+06,0,0
610485,9.98134e+06,0,0
523359,9.98628e+06,0,0
436193,9.99047e+06,0,0
348995,9.9939e+06,0,0
261769,9.99656e+06,0,0
174524,9.99846e+06,0,0
87265.2,9.99961e+06,0,0
3.06161e-09,9.99999e+06,0,0
-87265.2,9.99961e+06,0,0
-174524,9.99846e+06,0,0
-261769,9.99656e+06,0,0
-348995,9.9939e+06,0,0
-436193,9.99047e+06,0,0
-523359,9.98628e+06,0,0
-610485,9.98134e+06,0,0
-697564,9.97563e+06,0,0
-784590,9.96916e+06,0,0
-871556,9.96193e+06,0,0
-958456,9.95395e+06,0,0
-1.04528e+06,9.94521e+06,0,0
-1.13203e+06,9.93571e+06,0,0
-1.21869e+06,9.92545e+06,0,0
-1.30526e+06,9.91444e+06,0,0
-1.39173e+06,9.90267e+06,0,0
-1.47809e+06,9.89015e+06,0,0
-1.56434e+06,9.87687e+06,0,0
-1.65047e+06,9.86284e+06,0,0
-1.73648e+06,9.84806e+06,0,0
-1.82235e+06,9.83254e+06,0,0
-1.90809e+06,9.81626e+06,0,0
-1.99368e+06,9.79923e+06,0,0
-2.07911e+06,9.78146e+06,0,0
-2.16439e+06,9.76295e+06,0,0
-2.24951e+06,9.74369e+06,0,0
-2.33445e+06,9.72369e+06,0,0
-2.41922e+06,9.70294e+06,0,0
-2.5038e+06,9.68146e+06,0,0
-2.58819e+06,9.65925e+06,0,0
-2.67238e+06,9.63629e+06,0,0
-2.75637e+06,9.6126e+06,0,0
-2.84015e+06,9.58818e+06,0,0
-2.92371e+06,9.56304e+06,0,0
-3.00705e+06,9.53716e+06,0,0
-3.09017e+06,9.51055e+06,0,0
-3.17304e+06,9.48322e+06,0,0
-3.25568e+06,9.45517e+06,0,0
-3.33806e+06,9.4264e+06,0,0
-3.4202e+06,9.39691e+06,0,0
-3.50207e+06,9.36671e+06,0,0
-3.58367e+06,9.33579e+06,0,0
-3.66501e+06,9.30416e+06,0,0
-3.74606e+06,9.27183e+06,0,0
-3.82683e+06,9.23878e+06,0,0
-3.90731e+06,9.20504e+06,0,0
-3.98749e+06,9.17059e+06,0,0
-4.06736e+06,9.13544e+06,0,0
-4.14693e+06,9.0996e+06,0,0
-4.22618e+06,9.06307e+06,0,0
-4.30511e+06,9.02584e+06,0,0
-4.38371e+06,8.98793e+06,0,0
-4.46197e+06,8.94933e+06,0,0
-4.5399e+06,8.91005e+06,0,0
-4.61748e+06,8.8701e+06,0,0
-4.69471e+06,8.82946e+06,0,0
-4.77158e+06,8.78816e+06,0,0
-4.84809e+06,8.74619e+06,0,0
-4.92423e+06,8.70355e+06,0,0
-4.99999e+06,8.66024e+06,0,0
-5.07538e+06,8.61628e+06,0,0
-5.15037e+06,8.57166e+06,0,0
-5.22498e+06,8.52639e+06,0,0
-5.29919e+06,8.48047e+06,0,0
-5.37299e+06,8.4339e+06,0,0
-5.44638e+06,8.38669e+06,0,0
-5.51936e+06,8.33885e+06,0,0
-5.59192e+06,8.29036e+06,0,0
-5.66405e+06,8.24125e+06,0,0
-5.73576e+06,8.19151e+06,0,0
-5.80702e+06,8.14114e+06,0,0
-5.87784e+06,8.09016e+06,0,0
-5.94822e+06,8.03856e+06,0,0
-6.01814e+06,7.98634e+06,0,0
-6.08761e+06,7.93352e+06,0,0
-6.15661e+06,7.8801e+06,0,0
-6.22514e+06,7.82607e+06,0,0
-6.2932e+06,7.77145e+06,0,0
-6.36077e+06,7.71624e+06,0,0
-6.42787e+06,7.66043e+06,0,0
-6.49447e+06,7.60405e+06,0,0
-6.56058e+06,7.54709e+06,0,0
-6.62619e+06,7.48955e+06,0,0
-6.6913e+06,7.43144e+06,0,0
-6.75589e+06,7.37276e+06,0,0
-6.81997e+06,7.31353e+06,0,0
-6.88354e+06,7.25373e+06,0,0
-6.94657e+06,7.19339e+06,0,0
-7.00908e+06,7.13249e+06,0,0
-7.07106e+06,7.07106e+06,0,0
-7.13249e+06,7.00908e+06,0,0
-7.19339e+06,6.94657e+06,0,0
-7.25373e+06,6.88354e+06,0,0
-7.31353e+06,6.81997e+06,0,0
-7.37276e+06,6.75589e+06,0,0
-7.43144e+06,6.6913e+06,0,0
-7.48955e+06,6.62619e+06,0,0
-7.54709e+06,6.56058e+06,0,0
-7.60405e+06,6.49447e+06,0,0
-7.66043e+06,6.42787e+06,0,0
-7.71624e+06,6.36077e+06,0,0
-7.77145e+06,6.2932e+06,0,0
-7.82607e+06,6.22514e+06,0,0
-7.8801e+06,6.15661e+06,0,0
-7.93352e+06,6.08761e+06,0,0
-7.98634e+06,6.01814e+06,0,0
-8.03856e+06,5.94822e+06,0,0
-8.09016e+06,5.87784e+06,0,0
-8.14114e+06,5.80702e+06,0,0
-8.19151e+06,5.73576e+06,0,0
-8.24125e+06,5.66405e+06,0,0
-8.29036e+06,5.59192e+06,0,0
-8.33885e+06,5.51936e+06,0,0
-8.38669e+06,5.44638e+06,0,0
-8.4339e+06,5.37299e+06,0,0
-8.48047e+06,5.29919e+06,0,0
-8.52639e+06,5.22498e+06,0,0
-8.57166e+06,5.15037e+06,0,0
-8.61628e+06,5.07538e+06,0,0
-8.66024e+06,4.99999e+06,0,0
-8.70354e+06,4.92423e+06,0,0
-8.74618e+06,4.84809e+06,0,0
-8.78816e+06,4.77158e+06,0,0
-8.82946e+06,4.69471e+06,0,0
-8.8701e+06,4.61748e+06,0,0
-8.91005e+06,4.5399e+06,0,0
-8.94933e+06,4.46197e+06,0,0
-8.98793e+06,4.38371e+06,0,0
-9.02584e+06,4.3051e+06,0,0
-9.06306e+06,4.22618e+06,0,0
-9.0996e+06,4.14693e+06,0,0
-9.13544e+06,4.06736e+06,0,0
-9.17059e+06,3.98748e+06,0,0
-9.20504e+06,3.90731e+06,0,0
-9.23878e+06,3.82683e+06,0,0
-9.27183e+06,3.74606e+06,0,0
-9.30416e+06,3.66501e+06,0,0
-9.33579e+06,3.58367e+06,0,0
-9.36671e+06,3.50207e+06,0,0
-9.39691e+06,3.4202e+06,0,0
-9.4264e+06,3.33806e+06,0,0
-9.45517e+06,3.25568e+06,0,0
-9.48322e+06,3.17304e+06,0,0
-9.51055e+06,3.09017e+06,0,0
-9.53716e+06,3.00705e+06,0,0
-9.56303e+06,2.92371e+06,0,0
-9.58818e+06,2.84015e+06,0,0
-9.6126e+06,2.75637e+06,0,0
-9.63629e+06,2.67238e+06,0,0
-9.65924e+06,2.58819e+06,0,0
-9.68146e+06,2.5038e+06,0,0
-9.70294e+06,2.41922e+06,0,0
-9.72368e+06,2.33445e+06,0,0
-9.74369e+06,2.24951e+06,0,0
-9.76295e+06,2.16439e+06,0,0
-9.78146e+06,2.07911e+06,0,0
-9.79923e+06,1.99368e+06,0,0
-9.81626e+06,1.90809e+06,0,0
-9.83253e+06,1.82235e+06,0,0
-9.84806e+06,1.73648e+06,0,0
-9.86284e+06,1.65047e+06,0,0
-9.87687e+06,1.56434e+06,0,0
-9.89014e+06,1.47809e+06,0,0
-9.90267e+06,1.39173e+06,0,0
-9.91443e+06,1.30526e+06,0,0
-9.92545e+06,1.21869e+06,0,0
-9.9357e+06,1.13203e+06,0,0
-9.9452e+06,1.04528e+06,0,0
-9.95395e+06,958456,0,0
-9.96193e+06,871556,0,0
-9.96916e+06,784590,0,0
-9.97563e+06,697564,0,0
-9.98133e+06,610484,0,0
-9.98628e+06,523359,0,0
-9.99047e+06,436193,0,0
-9.99389e+06,348994,0,0
-9.99656e+06,261769,0,0
-9.99846e+06,174524,0,0
-9.9996e+06,87265.2,0,0
-9.99999e+06,3.67393e-09,0,0
-9.9996e+06,-87265.2,0,0
-9.99846e+06,-174524,0,0
-9.99656e+06,-261769,0,0
-9.99389e+06,-348994,0,0
-9.99047e+06,-436193,0,0
-9.98628e+06,-523359,0,0
-9.98133e+06,-610484,0,0
-9.97563e+06,-697564,0,0
-9.96916e+06,-784590,0,0
-9.96193e+06,-871556,0,0
-9.95395e+06,-958456,0,0
-9.9452e+06,-1.04528e+06,0,0
-9.9357e+06,-1.13203e+06,0,0
-9.92545e+06,-1.21869e+06,0,0
-9.91443e+06,-1.30526e+06,0,0
-9.90267e+06,-1.39173e+06,0,0
-9.89014e+06,-1.47809e+06,0,0
-9.87687e+06,-1.56434e+06,0,0
-9.86284e+06,-1.65047e+06,0,0
-9.84806e+06,-1.73648e+06,0,0
-9.83253e+06,-1.82235e+06,0,0
-9.81626e+06,-1.90809e+06,0,0
-9.79923e+06,-1.99368e+06,0,0
-9.78146e+06,-2.07911e+06,0,0
-9.76295e+06,-2.16439e+06,0,0
-9.74369e+06,-2.24951e+06,0,0
-9.72368e+06,-2.33445e+06,0,0
-9.70294e+06,-2.41922e+06,0,0
-9.68146e+06,-2.5038e+06,0,0
-9.65924e+06,-2.58819e+06,0,0
-9.63629e+06,-2.67238e+06,0,0
-9.6126e+06,-2.75637e+06,0,0
-9.58818e+06,-2.84015e+06,0,0
-9.56303e+06,-2.92371e+06,0,0
-9.53715e+06,-3.00705e+06,0,0
-9.51055e+06,-3.09017e+06,0,0
-9.48322e+06,-3.17304e+06,0,0
-9.45517e+06,-3.25568e+06,0,0
-9.4264e+06,-3.33806e+06,0,0
-9.39691e+06,-3.4202e+06,0,0
-9.36671e+06,-3.50207e+06,0,0
-9.33579e+06,-3.58367e+06,0,0
-9.30416e+06,-3.66501e+06,0,0
-9.27182e+06,-3.74606e+06,0,0
-9.23878e+06,-3.82683e+06,0,0
-9.20503e+06,-3.90731e+06,0,0
-9.17059e+06,-3.98748e+06,0,0
-9.13544e+06,-4.06736e+06,0,0
-9.0996e+06,-4.14693e+06,0,0
-9.06306e+06,-4.22618e+06,0,0
-9.02584e+06,-4.3051e+06,0,0
-8.98793e+06,-4.3837e+06,0,0
-8.94933e+06,-4.46197e+06,0,0
-8.91005e+06,-4.5399e+06,0,0
-8.87009e+06,-4.61748e+06,0,0
-8.82946e+06,-4.69471e+06,0,0
-8.78816e+06,-4.77158e+06,0,0
-8.74618e+06,-4.84809e+06,0,0
-8.70354e+06,-4.92423e+06,0,0
-8.66024e+06,-4.99999e+06,0,0
-8.61628e+06,-5.07538e+06,0,0
-8.57166e+06,-5.15037e+06,0,0
-8.52639e+06,-5.22498e+06,0,0
-8.48047e+06,-5.29918e+06,0,0
-8.4339e+06,-5.37299e+06,0,0
-8.38669e+06,-5.44638e+06,0,0
-8.33884e+06,-5.51936e+06,0,0
-8.29036e+06,-5.59192e+06,0,0
-8.24125e+06,-5.66405e+06,0,0
-8.19151e+06,-5.73576e+06,0,0
-8.14114e+06,-5.80702e+06,0,0
-8.09016e+06,-5.87784e+06,0,0
-8.03856e+06,-5.94822e+06,0,0
-7.98634e+06,-6.01814e+06,0,0
-7.93352e+06,-6.0876e+06,0,0
-7.88009e+06,-6.1566e+06,0,0
-7.82607e+06,-6.22514e+06,0,0
-7.77145e+06,-6.29319e+06,0,0
-7.71623e+06,-6.36077e+06,0,0
-7.66043e+06,-6.42787e+06,0,0
-7.60405e+06,-6.49447e+06,0,0
-7.54708e+06,-6.56058e+06,0,0
-7.48955e+06,-6.62619e+06,0,0
-7.43144e+06,-6.6913e+06,0,0
-7.37276e+06,-6.75589e+06,0,0
-7.31353e+06,-6.81997e+06,0,0
-7.25373e+06,-6.88353e+06,0,0
-7.19339e+06,-6.94657e+06,0,0
-7.13249e+06,-7.00908e+06,0,0
-7.07106e+06,-7.07106e+06,0,0
-7.00908e+06,-7.13249e+06,0,0
-6.94657e+06,-7.19339e+06,0,0
-6.88353e+06,-7.25373e+06,0,0
-6.81997e+06,-7.31353e+06,0,0
-6.75589e+06,-7.37276e+06,0,0
-6.6913e+06,-7.43144e+06,0,0
-6.62619e+06,-7.48954e+06,0,0
-6.56058e+06,-7.54708e+06,0,0
-6.49447e+06,-7.60405e+06,0,0
-6.42787e+06,-7.66043e+06,0,0
-6.36077e+06,-7.71623e+06,0,0
-6.29319e+06,-7.77145e+06,0,0
-6.22514e+06,-7.82607e+06,0,0
-6.1566e+06,-7.88009e+06,0,0
-6.0876e+06,-7.93352e+06,0,0
-6.01814e+06,-7.98634e+06,0,0
-5.94822e+06,-8.03856e+06,0,0
-5.87784e+06,-8.09016e+06,0,0
-5.80702e+06,-8.14114e+06,0,0
-5.73575e+06,-8.19151e+06,0,0
-5.66405e+06,-8.24125e+06,0,0
-5.59192e+06,-8.29036e+06,0,0
-5.51936e+06,-8.33884e+06,0,0
-5.44638e+06,-8.38669e+06,0,0
-5.37299e+06,-8.4339e+06,0,0
-5.29918e+06,-8.48047e+06,0,0
-5.22498e+06,-8.52639e+06,0,0
-5.15037e+06,-8.57166e+06,0,0
-5.07538e+06,-8.61628e+06,0,0
-4.99999e+06,-8.66024e+06,0,0
-4.92423e+06,-8.70354e+06,0,0
-4.84809e+06,-8.74618e+06,0,0
-4.77158e+06,-8.78816e+06,0,0
-4.69471e+06,-8.82946e+06,0,0
-4.61748e+06,-8.87009e+06,0,0
-4.5399e+06,-8.91005e+06,0,0
-4.46197e+06,-8.94933e+06,0,0
-4.3837e+06,-8.98793e+06,0,0
-4.3051e+06,-9.02584e+06,0,0
-4.22618e+06,-9.06306e+06,0,0
-4.14693e+06,-9.0996e+06,0,0
-4.06736e+06,-9.13544e+06,0,0
-3.98748e+06,-9.17059e+06,0,0
-3.9073e+06,-9.20503e+06,0,0
-3.82683e+06,-9.23878e+06,0,0
-3.74606e+06,-9.27182e+06,0,0
-3.66501e+06,-9.30416e+06,0,0
-3.58367e+06,-9.33579e+06,0,0
-3.50207e+06,-9.36671e+06,0,0
-3.4202e+06,-9.39691e+06,0,0
-3.33806e+06,-9.4264e+06,0,0
-3.25568e+06,-9.45517e+06,0,0
-3.17304e+06,-9.48322e+06,0,0
-3.09016e+06,-9.51055e+06,0,0
-3.00705e+06,-9.53715e+06,0,0
-2.92371e+06,-9.56303e+06,0,0
-2.84015e+06,-9.58818e+06,0,0
-2.75637e+06,-9.6126e+06,0,0
-2.67238e+06,-9.63629e+06,0,0
-2.58819e+06,-9.65924e+06,0,0
-2.5038e+06,-9.68146e+06,0,0
-2.41921e+06,-9.70294e+06,0,0
-2.33445e+06,-9.72368e+06,0,0
-2.24951e+06,-9.74368e+06,0,0
-2.16439e+06,-9.76294e+06,0,0
-2.07911e+06,-9.78146e+06,0,0
-1.99368e+06,-9.79923e+06,0,0
-1.90809e+06,-9.81625e+06,0,0
-1.82235e+06,-9.83253e+06,0,0
-1.73648e+06,-9.84806e+06,0,0
-1.65047e+06,-9.86284e+06,0,0
-1.56434e+06,-9.87687e+06,0,0
-1.47809e+06,-9.89014e+06,0,0
-1.39173e+06,-9.90266e+06,0,0
-1.30526e+06,-9.91443e+06,0,0
-1.21869e+06,-9.92544e+06,0,0
-1.13203e+06,-9.9357e+06,0,0
-1.04528e+06,-9.9452e+06,0,0
-958456,-9.95394e+06,0,0
-871556,-9.96193e+06,0,0
-784590,-9.96916e+06,0,0
-697564,-9.97562e+06,0,0
-610484,-9.98133e+06,0,0
-523359,-9.98628e+06,0,0
-436193,-9.99046e+06,0,0
-348994,-9.99389e+06,0,0
-261769,-9.99656e+06,0,0
-174524,-9.99846e+06,0,0
-87265.2,-9.9996e+06,0,0
-4.28626e-09,-9.99998e+06,0,0
87265.2,-9.9996e+06,0,0
174524,-9.99846e+06,0,0
261769,-9.99656e+06,0,0
348994,-9.99389e+06,0,0
436193,-9.99046e+06,0,0
523359,-9.98628e+06,0,0
610484,-9.98133e+06,0,0
697564,-9.97562e+06,0,0
784590,-9.96916e+06,0,0
871556,-9.96193e+06,0,0
958456,-9.95394e+06,0,0
1.04528e+06,-9.9452e+06,0,0
1.13203e+06,-9.9357e+06,0,0
1.21869e+06,-9.92544e+06,0,0
1.30526e+06,-9.91443e+06,0,0
1.39173e+06,-9.90266e+06,0,0
1.47809e+06,-9.89014e+06,0,0
1.56434e+06,-9.87687e+06,0,0
1.65047e+06,-9.86284e+06,0,0
1.73648e+06,-9.84806e+06,0,0
1.82235e+06,-9.83253e+06,0,0
1.90809e+06,-9.81625e+06,0,0
1.99368e+06,-9.79923e+06,0,0
2.07911e+06,-9.78146e+06,0,0
2.16439e+06,-9.76294e+06,0,0
2.24951e+06,-9.74368e+06,0,0
2.33445e+06,-9.72368e+06,0,0
2.41921e+06,-9.70294e+06,0,0
2.5038e+06,-9.68146e+06,0,0
2.58819e+06,-9.65924e+06,0,0
2.67238e+06,-9.63629e+06,0,0
2.75637e+06,-9.6126e+06,0,0
2.84015e+06,-9.58818e+06,0,0
2.92371e+06,-9.56303e+06,0,0
3.00705e+06,-9.53715e+06,0,0
3.09016e+06,-9.51055e+06,0,0
3.17304e+06,-9.48322e+06,0,0
3.25568e+06,-9.45517e+06,0,0
3.33806e+06,-9.4264e+06,0,0
3.4202e+06,-9.39691e+06,0,0
3.50207e+06,-9.3667e+06,0,0
3.58367e+06,-9.33579e+06,0,0
3.66501e+06,-9.30416e+06,0,0
3.74606e+06,-9.27182e+06,0,0
3.82683e+06,-9.23878e+06,0,0
3.9073e+06,-9.20503e+06,0,0
3.98748e+06,-9.17058e+06,0,0
4.06736e+06,-9.13544e+06,0,0
4.14692e+06,-9.0996e+06,0,0
4.22617e+06,-9.06306e+06,0,0
4.3051e+06,-9.02584e+06,0,0
4.3837e+06,-8.98792e+06,0,0
4.46197e+06,-8.94933e+06,0,0
4.5399e+06,-8.91005e+06,0,0
4.61748e+06,-8.87009e+06,0,0
4.69471e+06,-8.82946e+06,0,0
4.77158e+06,-8.78816e+06,0,0
4.84809e+06,-8.74618e+06,0,0
4.92423e+06,-8.70354e+06,0,0
4.99999e+06,-8.66024e+06,0,0
5.07537e+06,-8.61628e+06,0,0
5.15037e+06,-8.57166e+06,0,0
5.22498e+06,-8.52639e+06,0,0
5.29918e+06,-8.48047e+06,0,0
5.37299e+06,-8.4339e+06,0,0
5.44638e+06,-8.38669e+06,0,0
5.51936e+06,-8.33884e+06,0,0
5.59192e+06,-8.29036e+06,0,0
5.66405e+06,-8.24125e+06,0,0
5.73575e+06,-8.19151e+06,0,0
5.80702e+06,-8.14114e+06,0,0
5.87784e+06,-8.09015e+06,0,0
5.94822e+06,-8.03855e+06,0,0
6.01814e+06,-7.98634e+06,0,0
6.0876e+06,-7.93352e+06,0,0
6.1566e+06,-7.88009e+06,0,0
6.22513e+06,-7.82607e+06,0,0
6.29319e+06,-7.77145e+06,0,0
6.36077e+06,-7.71623e+06,0,0
6.42786e+06,-7.66043e+06,0,0
6.49447e+06,-7.60405e+06,0,0
6.56058e+06,-7.54708e+06,0,0
6.62619e+06,-7.48954e+06,0,0
6.69129e+06,-7.43143e+06,0,0
6.75589e+06,-7.37276e+06,0,0
6.81997e+06,-7.31352e+06,0,0
6.88353e+06,-7.25373e+06,0,0
6.94657e+06,-7.19338e+06,0,0
7.00908e+06,-7.13249e+06,0,0
7.07105e+06,-7.07105e+06,0,0
7.13249e+06,-7.00908e+06,0,0
7.19338e+06,-6.94657e+06,0,0
7.25373e+06,-6.88353e+06,0,0
7.31352e+06,-6.81997e+06,0,0
7.37276e+06,-6.75589e+06,0,0
7.43143e+06,-6.69129e+06,0,0
7.48954e+06,-6.62619e+06,0,0
7.54708e+06,-6.56058e+06,0,0
7.60405e+06,-6.49447e+06,0,0
7.66043e+06,-6.42786e+06,0,0
7.71623e+06,-6.36077e+06,0,0
7.77144e+06,-6.29319e+06,0,0
7.82607e+06,-6.22513e+06,0,0
7.88009e+06,-6.1566e+06,0,0
7.93352e+06,-6.0876e+06,0,0
7.98634e+06,-6.01814e+06,0,0
8.03855e+06,-5.94822e+06,0,0
8.09015e+06,-5.87784e+06,0,0
8.14114e+06,-5.80702e+06,0,0
8.1915e+06,-5.73575e+06,0,0
8.24125e+06,-5.66405e+06,0,0
8.29036e+06,-5.59192e+06,0,0
8.33884e+06,-5.51936e+06,0,0
8.38669e+06,-5.44638e+06,0,0
8.4339e+06,-5.37299e+06,0,0
8.48046e+06,-5.29918e+06,0,0
8.52639e+06,-5.22498e+06,0,0
8.57166e+06,-5.15037e+06,0,0
8.61628e+06,-5.07537e+06,0,0
8.66024e+06,-4.99999e+06,0,0
8.70354e+06,-4.92423e+06,0,0
8.74618e+06,-4.84809e+06,0,0
8.78815e+06,-4.77158e+06,0,0
8.82946e+06,-4.69471e+06,0,0
8.87009e+06,-4.61748e+06,0,0
8.91005e+06,-4.5399e+06,0,0
8.94933e+06,-4.46197e+06,0,0
8.98792e+06,-4.3837e+06,0,0
9.02584e+06,-4.3051e+06,0,0
9.06306e+06,-4.22617e+06,0,0
9.0996e+06,-4.14692e+06,0,0
9.13544e+06,-4.06736e+06,0,0
9.17058e+06,-3.98748e+06,0,0
9.20503e+06,-3.9073e+06,0,0
9.23878e+06,-3.82683e+06,0,0
9.27182e+06,-3.74606e+06,0,0
9.30416e+06,-3.66501e+06,0,0
9.33579e+06,-3.58367e+06,0,0
9.3667e+06,-3.50207e+06,0,0
9.39691e+06,-3.42019e+06,0,0
9.4264e+06,-3.33806e+06,0,0
9.45517e+06,-3.25568e+06,0,0
9.48322e+06,-3.17304e+06,0,0
9.51055e+06,-3.09016e+06,0,0
9.53715e+06,-3.00705e+06,0,0
9.56303e+06,-2.92371e+06,0,0
9.58818e+06,-2.84015e+06,0,0
9.6126e+06,-2.75637e+06,0,0
9.63629e+06,-2.67238e+06,0,0
9.65924e+06,-2.58819e+06,0,0
9.68146e+06,-2.5038e+06,0,0
9.70294e+06,-2.41921e+06,0,0
9.72368e+06,-2.33445e+06,0,0
9.74368e+06,-2.24951e+06,0,0
9.76294e+06,-2.16439e+06,0,0
9.78146e+06,-2.07911e+06,0,0
9.79923e+06,-1.99368e+06,0,0
9.81625e+06,-1.90809e+06,0,0
9.83253e+06,-1.82235e+06,0,0
9.84806e+06,-1.73648e+06,0,0
9.86284e+06,-1.65047e+06,0,0
9.87686e+06,-1.56434e+06,0,0
9.89014e+06,-1.47809e+06,0,0
9.90266e+06,-1.39173e+06,0,0
9.91443e+06,-1.30526e+06,0,0
9.92544e+06,-1.21869e+06,0,0
9.9357e+06,-1.13203e+06,0,0
9.9452e+06,-1.04528e+06,0,0
9.95394e+06,-958456,0,0
9.96193e+06,-871556,0,0
9.96915e+06,-784589,0,0
9.97562e+06,-697563,0,0
9.98133e+06,-610484,0,0
9.98628e+06,-523359,0,0
9.99046e+06,-436193,0,0
9.99389e+06,-348994,0,0
9.99655e+06,-261769,0,0
9.99846e+06,-174524,0,0
9.9996e+06,-87265.2,0,0
9.99998e+06,-4.89858e-09,0,0
9.9996e+06,87265.2,0,0
9.99846e+06,174524,0,0
9.99655e+06,261769,0,0
9.99389e+06,348994,0,0
9.99046e+06,436193,0,0
9.98628e+06,523359,0,0
9.98133e+06,610484,0,0
9.97562e+06,697563,0,0
9.96915e+06,784589,0,0
9.96193e+06,871556,0,0
9.95394e+06,958456,0,0
9.9452e+06,1.04528e+06,0,0
9.9357e+06,1.13203e+06,0,0
9.92544e+06,1.21869e+06,0,0
9.91443e+06,1.30526e+06,0,0
9.90266e+06,1.39173e+06,0,0
9.89014e+06,1.47809e+06,0,0
9.87686e+06,1.56434e+06,0,0
9.86284e+06,1.65047e+06,0,0
9.84806e+06,1.73648e+06,0,0
9.83253e+06,1.82235e+06,0,0
9.81625e+06,1.90809e+06,0,0
9.79923e+06,1.99368e+06,0,0
9.78146e+06,2.07911e+06,0,0
9.76294e+06,2.16439e+06,0,0
9.74368e+06,2.24951e+06,0,0
9.72368e+06,2.33445e+06,0,0
9.70294e+06,2.41921e+06,0,0
9.68146e+06,2.50379e+06,0,0
9.65924e+06,2.58819e+06,0,0
9.63628e+06,2.67238e+06,0,0
9.6126e+06,2.75637e+06,0,0
9.58818e+06,2.84015e+06,0,0
9.56303e+06,2.92371e+06,0,0
9.53715e+06,3.00705e+06,0,0
9.51055e+06,3.09016e+06,0,0
9.48322e+06,3.17304e+06,0,0
9.45517e+06,3.25567e+06,0,0
9.4264e+06,3.33806e+06,0,0
9.39691e+06,3.42019e+06,0,0
9.3667e+06,3.50207e+06,0,0
9.33579e+06,3.58367e+06,0,0
9.30416e+06,3.665e+06,0,0
9.27182e+06,3.74606e+06,0,0
9.23878e+06,3.82683e+06,0,0
9.20503e+06,3.9073e+06,0,0
9.17058e+06,3.98748e+06,0,0
9.13544e+06,4.06736e+06,0,0
9.09959e+06,4.14692e+06,0,0
9.06306e+06,4.22617e+06,0,0
9.02583e+06,4.3051e+06,0,0
8.98792e+06,4.3837e+06,0,0
8.94933e+06,4.46197e+06,0,0
8.91005e+06,4.5399e+06,0,0
8.87009e+06,4.61748e+06,0,0
8.82946e+06,4.69471e+06,0,0
8.78815e+06,4.77158e+06,0,0
8.74618e+06,4.84809e+06,0,0
8.70354e+06,4.92423e+06,0,0
8.66024e+06,4.99999e+06,0,0
8.61627e+06,5.07537e+06,0,0
8.57166e+06,5.15037e+06,0,0
8.52638e+06,5.22497e+06,0,0
8.48046e+06,5.29918e+06,0,0
8.4339e+06,5.37298e+06,0,0
8.38669e+06,5.44638e+06,0,0
8.33884e+06,5.51936e+06,0,0
8.29036e+06,5.59192e+06,0,0
8.24124e+06,5.66405e+06,0,0
8.1915e+06,5.73575e+06,0,0
8.14114e+06,5.80702e+06,0,0
8.09015e+06,5.87784e+06,0,0
8.03855e+06,5.94822e+06,0,0
7.98634e+06,6.01814e+06,0,0
7.93352e+06,6.0876e+06,0,0
7.88009e+06,6.1566e+06,0,0
7.82607e+06,6.22513e+06,0,0
7.77144e+06,6.29319e+06,0,0
7.71623e+06,6.36077e+06,0,0
7.66043e+06,6.42786e+06,0,0
7.60404e+06,6.49447e+06,0,0
7.54708e+06,6.56058e+06,0,0
7.48954e+06,6.62619e+06,0,0
7.43143e+06,6.69129e+06,0,0
7.37276e+06,6.75589e+06,0,0
7.31352e+06,6.81997e+06,0,0
7.25373e+06,6.88353e+06,0,0
7.19338e+06,6.94657e+06,0,0
7.13249e+06,7.00908e+06,0,0
7.07105e+06,7.07105e+06,0,0
7.00908e+06,7.13249e+06,0,0
6.94657e+06,7.19338e+06,0,0
6.88353e+06,7.25373e+06,0,0
6.81997e+06,7.31352e+06,0,0
6.75589e+06,7.37276e+06,0,0
6.69129e+06,7.43143e+06,0,0
6.62619e+06,7.48954e+06,0,0
6.56058e+06,7.54708e+06,0,0
6.49447e+06,7.60404e+06,0,0
6.42786e+06,7.66043e+06,0,0
6.36077e+06,7.71623e+06,0,0
6.29319e+06,7.77144e+06,0,0
6.22513e+06,7.82606e+06,0,0
6.1566e+06,7.88009e+06,0,0
6.0876e+06,7.93352e+06,0,0
6.01814e+06,7.98634e+06,0,0
5.94822e+06,8.03855e+06,0,0
5.87784e+06,8.09015e+06,0,0
5.80702e+06,8.14114e+06,0,0
5.73575e+06,8.1915e+06,0,0
5.66405e+06,8.24124e+06,0,0
5.59192e+06,8.29036e+06,0,0
5.51936e+06,8.33884e+06,0,0
5.44638e+06,8.38669e+06,0,0
5.37298e+06,8.4339e+06,0,0
5.29918e+06,8.48046e+06,0,0
5.22497e+06,8.52638e+06,0,0
5.15037e+06,8.57165e+06,0,0
5.07537e+06,8.61627e+06,0,0
4.99999e+06,8.66024e+06,0,0
4.92422e+06,8.70354e+06,0,0
4.84809e+06,8.74618e+06,0,0
4.77158e+06,8.78815e+06,0,0
4.69471e+06,8.82946e+06,0,0
4.61748e+06,8.87009e+06,0,0
4.5399e+06,8.91005e+06,0,0
4.46197e+06,8.94932e+06,0,0
4.3837e+06,8.98792e+06,0,0
4.3051e+06,9.02583e+06,0,0
4.22617e+06,9.06306e+06,0,0
4.14692e+06,9.09959e+06,0,0
4.06736e+06,9.13543e+06,0,0
3.98748e+06,9.17058e+06,0,0
3.9073e+06,9.20503e+06,0,0
3.82683e+06,9.23878e+06,0,0
3.74606e+06,9.27182e+06,0,0
3.665e+06,9.30416e+06,0,0
3.58367e+06,9.33578e+06,0,0
3.50207e+06,9.3667e+06,0,0
3.42019e+06,9.39691e+06,0,0
3.33806e+06,9.42639e+06,0,0
3.25567e+06,9.45516e+06,0,0
3.17304e+06,9.48322e+06,0,0
3.09016e+06,9.51054e+06,0,0
3.00705e+06,9.53715e+06,0,0
2.92371e+06,9.56303e+06,0,0
2.84015e+06,9.58818e+06,0,0
2.75637e+06,9.6126e+06,0,0
2.67238e+06,9.63628e+06,0,0
2.58818e+06,9.65924e+06,0,0
2.50379e+06,9.68146e+06,0,0
2.41921e+06,9.70294e+06,0,0
2.33445e+06,9.72368e+06,0,0
2.24951e+06,9.74368e+06,0,0
2.16439e+06,9.76294e+06,0,0
2.07911e+06,9.78145e+06,0,0
1.99367e+06,9.79923e+06,0,0
1.90809e+06,9.81625e+06,0,0
1.82235e+06,9.83253e+06,0,0
1.73648e+06,9.84806e+06,0,0
1.65047e+06,9.86283e+06,0,0
1.56434e+06,9.87686e+06,0,0
1.47809e+06,9.89014e+06,0,0
1.39173e+06,9.90266e+06,0,0
1.30526e+06,9.91443e+06,0,0
1.21869e+06,9.92544e+06,0,0
1.13203e+06,9.9357e+06,0,0
1.04528e+06,9.9452e+06,0,0
958455,9.95394e+06,0,0
871555,9.96192e+06,0,0
784589,9.96915e+06,0,0
697563,9.97562e+06,0,0
610484,9.98133e+06,0,0
523358,9.98627e+06,0,0
436193,9.99046e+06,0,0
348994,9.99389e+06,0,0
261769,9.99655e+06,0,0
174524,9.99845e+06,0,0
87265.2,9.9996e+06,0,0
2.32744e-08,9.99998e+06,0,0
-87265.2,9.9996e+06,0,0
-174524,9.99845e+06,0,0
-261769,9.99655e+06,0,0
-348994,9.99389e+06,0,0
-436193,9.99046e+06,0,0
-523358,9.98627e+06,0,0
-610484,9.98133e+06,0,0
-697563,9.97562e+06,0,0
-784589,9.96915e+06,0,0
-871555,9.96192e+06,0,0
-958455,9.95394e+06,0,0
-1.04528e+06,9.9452e+06,0,0
-1.13203e+06,9.9357e+06,0,0
-1.21869e+06,9.92544e+06,0,0
-1.30526e+06,9.91443e+06,0,0
-1.39173e+06,9.90266e+06,0,0
-1.47809e+06,9.89014e+06,0,0
-1.56434e+06,9.87686e+06,0,0
-1.65047e+06,9.86283e+06,0,0
-1.73648e+06,9.84806e+06,0,0
-1.82235e+06,9.83253e+06,0,0
-1.90809e+06,9.81625e+06,0,0
-1.99367e+06,9.79922e+06,0,0
-2.07911e+06,9.78145e+06,0,0
-2.16439e+06,9.76294e+06,0,0
-2.24951e+06,9.74368e+06,0,0
-2.33445e+06,9.72368e+06,0,0
-2.41921e+06,9.70294e+06,0,0
-2.50379e+06,9.68145e+06,0,0
-2.58818e+06,9.65924e+06,0,0
-2.67238e+06,9.63628e+06,0,0
-2.75637e+06,9.61259e+06,0,0
-2.84015e+06,9.58818e+06,0,0
-2.92371e+06,9.56303e+06,0,0
-3.00705e+06,9.53715e+06,0,0
-3.09016e+06,9.51054e+06,0,0
-3.17304e+06,9.48321e+06,0,0
-3.25567e+06,9.45516e+06,0,0
-3.33806e+06,9.42639e+06,0,0
-3.42019e+06,9.3969e+06,0,0
-3.50207e+06,9.3667e+06,0,0
-3.58367e+06,9.33578e+06,0,0
-3.665e+06,9.30415e+06,0,0
-3.74606e+06,9.27182e+06,0,0
-3.82683e+06,9.23877e+06,0,0
-3.9073e+06,9.20503e+06,0,0
-3.98748e+06,9.17058e+06,0,0
-4.06736e+06,9.13543e+06,0,0
-4.14692e+06,9.09959e+06,0,0
-4.22617e+06,9.06306e+06,0,0
-4.3051e+06,9.02583e+06,0,0
-4.3837e+06,8.98792e+06,0,0
-4.46197e+06,8.94932e+06,0,0
-4.53989e+06,8.91004e+06,0,0
-4.61748e+06,8.87009e+06,0,0
-4.6947e+06,8.82946e+06,0,0
-4.77158e+06,8.78815e+06,0,0
-4.84808e+06,8.74618e+06,0,0
-4.92422e+06,8.70354e+06,0,0
-4.99999e+06,8.66023e+06,0,0
-5.07537e+06,8.61627e+06,0,0
-5.15037e+06,8.57165e+06,0,0
-5.22497e+06,8.52638e+06,0,0
-5.29918e+06,8.48046e+06,0,0
-5.37298e+06,8.43389e+06,0,0
-5.44638e+06,8.38669e+06,0,0
-5.51936e+06,8.33884e+06,0,0
-5.59192e+06,8.29036e+06,0,0
-5.66405e+06,8.24124e+06,0,0
-5.73575e+06,8.1915e+06,0,0
-5.80702e+06,8.14114e+06,0,0
-5.87784e+06,8.09015e+06,0,0
-5.94821e+06,8.03855e+06,0,0
-6.01814e+06,7.98634e+06,0,0
-6.0876e+06,7.93351e+06,0,0
-6.1566e+06,7.88009e+06,0,0
-6.22513e+06,7.82606e+06,0,0
-6.29319e+06,7.77144e+06,0,0
-6.36077e+06,7.71623e+06,0,0
-6.42786e+06,7.66043e+06,0,0
-6.49447e+06,7.60404e+06,0,0
-6.56057e+06,7.54708e+06,0,0
-6.62618e+06,7.48954e+06,0,0
-6.69129e+06,7.43143e+06,0,0
-6.75589e+06,7.37276e+06,0,0
-6.81997e+06,7.31352e+06,0,0
-6.88353e+06,7.25373e+06,0,0
-6.94657e+06,7.19338e+06,0,0
-7.00908e+06,7.13249e+06,0,0
-7.07105e+06,7.07105e+06,0,0
-7.13249e+06,7.00908e+06,0,0
-7.19338e+06,6.94657e+06,0,0
-7.25373e+06,6.88353e+06,0,0
-7.31352e+06,6.81997e+06,0,0
-7.37276e+06,6.75589e+06,0,0
-7.43143e+06,6.69129e+06,0,0
-7.48954e+06,6.62618e+06,0,0
-7.54708e+06,6.56057e+06,0,0
-7.60404e+06,6.49446e+06,0,0
-7.66043e+06,6.42786e+06,0,0
-7.71623e+06,6.36077e+06,0,0
-7.77144e+06,6.29319e+06,0,0
-7.82606e+06,6.22513e+06,0,0
-7.88009e+06,6.1566e+06,0,0
-7.93351e+06,6.0876e+06,0,0
-7.98634e+06,6.01814e+06,0,0
-8.03855e+06,5.94821e+06,0,0
-8.09015e+06,5.87784e+06,0,0
-8.14114e+06,5.80702e+06,0,0
-8.1915e+06,5.73575e+06,0,0
-8.24124e+06,5.66405e+06,0,0
-8.29036e+06,5.59192e+06,0,0
-8.33884e+06,5.51936e+06,0,0
-8.38669e+06,5.44638e+06,0,0
-8.43389e+06,5.37298e+06,0,0
-8.48046e+06,5.29918e+06,0,0
-8.52638e+06,5.22497e+06,0,0
-8.57165e+06,5.15037e+06,0,0
-8.61627e+06,5.07537e+06,0,0
-8.66023e+06,4.99999e+06,0,0
-8.70354e+06,4.92422e+06,0,0
-8.74618e+06,4.84808e+06,0,0
-8.78815e+06,4.77158e+06,0,0
-8.82945e+06,4.6947e+06,0,0
-8.87009e+06,4.61747e+06,0,0
-8.91004e+06,4.53989e+06,0,0
-8.94932e+06,4.46197e+06,0,0
-8.98792e+06,4.3837e+06,0,0
-9.02583e+06,4.3051e+06,0,0
-9.06306e+06,4.22617e+06,0,0
-9.09959e+06,4.14692e+06,0,0
-9.13543e+06,4.06736e+06,0,0
-9.17058e+06,3.98748e+06,0,0
-9.20503e+06,3.9073e+06,0,0
-9.23877e+06,3.82682e+06,0,0
-9.27182e+06,3.74606e+06,0,0
-9.30415e+06,3.665e+06,0,0
-9.33578e+06,3.58367e+06,0,0
-9.3667e+06,3.50207e+06,0,0
-9.3969e+06,3.42019e+06,0,0
-9.42639e+06,3.33806e+06,0,0
-9.45516e+06,3.25567e+06,0,0
-9.48321e+06,3.17304e+06,0,0
-9.51054e+06,3.09016e+06,0,0
-9.53715e+06,3.00705e+06,0,0
-9.56302e+06,2.92371e+06,0,0
-9.58817e+06,2.84015e+06,0,0
-9.61259e+06,2.75637e+06,0,0
-9.63628e+06,2.67238e+06,0,0
-9.65923e+06,2.58818e+06,0,0
-9.68145e+06,2.50379e+06,0,0
-9.70293e+06,2.41921e+06,0,0
-9.72368e+06,2.33445e+06,0,0
-9.74368e+06,2.24951e+06,0,0
-9.76294e+06,2.16439e+06,0,0
-9.78145e+06,2.07911e+06,0,0
-9.79922e+06,1.99367e+06,0,0
-9.81625e+06,1.90809e+06,0,0
-9.83252e+06,1.82235e+06,0,0
-9.84805e+06,1.73648e+06,0,0
-9.86283e+06,1.65047e+06,0,0
-9.87686e+06,1.56434e+06,0,0
-9.89013e+06,1.47809e+06,0,0
-9.90266e+06,1.39173e+06,0,0
-9.91442e+06,1.30526e+06,0,0
-9.92544e+06,1.21869e+06,0,0
-9.93569e+06,1.13203e+06,0,0
-9.94519e+06,1.04528e+06,0,0
-9.95394e+06,958455,0,0
-9.96192e+06,871555,0,0
-9.96915e+06,784589,0,0
-9.97562e+06,697563,0,0
-9.98132e+06,610484,0,0
-9.98627e+06,523358,0,0
-9.99046e+06,436193,0,0
-9.99388e+06,348994,0,0
-9.99655e+06,261769,0,0
-9.99845e+06,174524,0,0
-9.99959e+06,87265.1,0,0
-9.99998e+06,6.12322e-09,0,0
-9.99959e+06,-87265.1,0,0
-9.99845e+06,-174524,0,0
-9.99655e+06,-261769,0,0
-9.99388e+06,-348994,0,0
-9.99046e+06,-436193,0,0
-9.98627e+06,-523358,0,0
-9.98132e+06,-610484,0,0
-9.97562e+06,-697563,0,0
-9.96915e+06,-784589,0,0
-9.96192e+06,-871555,0,0
-9.95394e+06,-958455,0,0
-9.94519e+06,-1.04528e+06,0,0
-9.93569e+06,-1.13203e+06,0,0
-9.92544e+06,-1.21869e+06,0,0
-9.91442e+06,-1.30526e+06,0,0
-9.90266e+06,-1.39173e+06,0,0
-9.89013e+06,-1.47809e+06,0,0
-9.87686e+06,-1.56434e+06,0,0
-9.86283e+06,-1.65047e+06,0,0
-9.84805e+06,-1.73648e+06,0,0
-9.83252e+06,-1.82235e+06,0,0
-9.81625e+06,-1.90809e+06,0,0
-9.79922e+06,-1.99367e+06,0,0
-9.78145e+06,-2.07911e+06,0,0
-9.76294e+06,-2.16439e+06,0,0
-9.74368e+06,-2.2495e+06,0,0
-9.72367e+06,-2.33445e+06,0,0
-9.70293e+06,-2.41921e+06,0,0
-9.68145e+06,-2.50379e+06,0,0
-9.65923e+06,-2.58818e+06,0,0
-9.63628e+06,-2.67238e+06,0,0
-9.61259e+06,-2.75637e+06,0,0
-9.58817e+06,-2.84015e+06,0,0
-9.56302e+06,-2.92371e+06,0,0
-9.53715e+06,-3.00705e+06,0,0
-9.51054e+06,-3.09016e+06,0,0
-9.48321e+06,-3.17304e+06,0,0
-9.45516e+06,-3.25567e+06,0,0
-9.42639e+06,-3.33806e+06,0,0
-9.3969e+06,-3.42019e+06,0,0
-9.3667e+06,-3.50206e+06,0,0
-9.33578e+06,-3.58367e+06,0,0
-9.30415e+06,-3.665e+06,0,0
-9.27181e+06,-3.74606e+06,0,0
-9.23877e+06,-3.82682e+06,0,0
-9.20502e+06,-3.9073e+06,0,0
-9.17058e+06,-3.98748e+06,0,0
-9.13543e+06,-4.06736e+06,0,0
-9.09959e+06,-4.14692e+06,0,0
-9.06305e+06,-4.22617e+06,0,0
-9.02583e+06,-4.3051e+06,0,0
-8.98792e+06,-4.3837e+06,0,0
-8.94932e+06,-4.46197e+06,0,0
-8.91004e+06,-4.53989e+06,0,0
-8.87009e+06,-4.61747e+06,0,0
-8.82945e+06,-4.6947e+06,0,0
-8.78815e+06,-4.77158e+06,0,0
-8.74617e+06,-4.84808e+06,0,0
-8.70353e+06,-4.92422e+06,0,0
-8.66023e+06,-4.99999e+06,0,0
-8.61627e+06,-5.07537e+06,0,0
-8.57165e+06,-5.15037e+06,0,0
-8.52638e+06,-5.22497e+06,0,0
-8.48046e+06,-5.29918e+06,0,0
-8.43389e+06,-5.37298e+06,0,0
-8.38668e+06,-5.44638e+06,0,0
-8.33884e+06,-5.51936e+06,0,0
-8.29035e+06,-5.59191e+06,0,0
-8.24124e+06,-5.66405e+06,0,0
-8.1915e+06,-5.73575e+06,0,0
-8.14113e+06,-5.80701e+06,0,0
-8.09015e+06,-5.87784e+06,0,0
-8.03855e+06,-5.94821e+06,0,0
-7.98633e+06,-6.01813e+06,0,0
-7.93351e+06,-6.0876e+06,0,0
-7.88009e+06,-6.1566e+06,0,0
-7.82606e+06,-6.22513e+06,0,0
-7.77144e+06,-6.29319e+06,0,0
-7.71623e+06,-6.36077e+06,0,0
-7.66042e+06,-6.42786e+06,0,0
-7.60404e+06,-6.49446e+06,0,0
-7.54708e+06,-6.56057e+06,0,0
-7.48954e+06,-6.62618e+06,0,0
-7.43143e+06,-6.69129e+06,0,0
-7.37275e+06,-6.75588e+06,0,0
-7.31352e+06,-6.81997e+06,0,0
-7.25372e+06,-6.88353e+06,0,0
-7.19338e+06,-6.94657e+06,0,0
-7.13249e+06,-7.00907e+06,0,0
-7.07105e+06,-7.07105e+06,0,0
-7.00907e+06,-7.13249e+06,0,0
-6.94657e+06,-7.19338e+06,0,0
-6.88353e+06,-7.25372e+06,0,0
-6.81997e+06,-7.31352e+06,0,0
-6.75588e+06,-7.37275e+06,0,0
-6.69129e+06,-7.43143e+06,0,0
-6.62618e+06,-7.48954e+06,0,0
-6.56057e+06,-7.54708e+06,0,0
-6.49446e+06,-7.60404e+06,0,0
-6.42786e+06,-7.66042e+06,0,0
-6.36077e+06,-7.71623e+06,0,0
-6.29319e+06,-7.77144e+06,0,0
-6.22513e+06,-7.82606e+06,0,0
-6.1566e+06,-7.88009e+06,0,0
-6.0876e+06,-7.93351e+06,0,0
-6.01813e+06,-7.98633e+06,0,0
-5.94821e+06,-8.03855e+06,0,0
-5.87784e+06,-8.09015e+06,0,0
-5.80701e+06,-8.14113e+06,0,0
-5.73575e+06,-8.1915e+06,0,0
-5.66405e+06,-8.24124e+06,0,0
-5.59191e+06,-8.29035e+06,0,0
-5.51936e+06,-8.33884e+06,0,0
-5.44638e+06,-8.38668e+06,0,0
-5.37298e+06,-8.43389e+06,0,0
-5.29918e+06,-8.48046e+06,0,0
-5.22497e+06,-8.52638e+06,0,0
-5.15037e+06,-8.57165e+06,0,0
-5.07537e+06,-8.61627e+06,0,0
-4.99999e+06,-8.66023e+06,0,0
-4.92422e+06,-8.70353e+06,0,0
-4.84808e+06,-8.74617e+06,0,0
-4.77157e+06,-8.78815e+06,0,0
-4.6947e+06,-8.82945e+06,0,0
-4.61747e+06,-8.87008e+06,0,0
-4.53989e+06,-8.91004e+06,0,0
-4.46197e+06,-8.94932e+06,0,0
-4.3837e+06,-8.98792e+06,0,0
-4.3051e+06,-9.02583e+06,0,0
-4.22617e+06,-9.06305e+06,0,0
-4.14692e+06,-9.09959e+06,0,0
-4.06736e+06,-9.13543e+06,0,0
-3.98748e+06,-9.17058e+06,0,0
-3.9073e+06,-9.20502e+06,0,0
-3.82682e+06,-9.23877e+06,0,0
-3.74606e+06,-9.27181e+06,0,0
-3.665e+06,-9.30415e+06,0,0
-3.58367e+06,-9.33578e+06,0,0
-3.50206e+06,-9.3667e+06,0,0
-3.42019e+06,-9.3969e+06,0,0
-3.33806e+06,-9.42639e+06,0,0
-3.25567e+06,-9.45516e+06,0,0
-3.17304e+06,-9.48321e+06,0,0
-3.09016e+06,-9.51054e+06,0,0
-3.00705e+06,-9.53714e+06,0,0
-2.92371e+06,-9.56302e+06,0,0
-2.84015e+06,-9.58817e+06,0,0
-2.75637e+06,-9.61259e+06,0,0
-2.67238e+06,-9.63628e+06,0,0
-2.58818e+06,-9.65923e+06,0,0
-2.50379e+06,-9.68145e+06,0,0
-2.41921e+06,-9.70293e+06,0,0
-2.33445e+06,-9.72367e+06,0,0
-2.2495e+06,-9.74367e+06,0,0
-2.16439e+06,-9.76293e+06,0,0
-2.07911e+06,-9.78145e+06,0,0
-1.99367e+06,-9.79922e+06,0,0
-1.90808e+06,-9.81625e+06,0,0
-1.82235e+06,-9.83252e+06,0,0
-1.73648e+06,-9.84805e+06,0,0
-1.65047e+06,-9.86283e+06,0,0
-1.56434e+06,-9.87686e+06,0,0
-1.47809e+06,-9.89013e+06,0,0
-1.39173e+06,-9.90265e+06,0,0
-1.30526e+06,-9.91442e+06,0,0
-1.21869e+06,-9.92543e+06,0,0
-1.13203e+06,-9.93569e+06,0,0
-1.04528e+06,-9.94519e+06,0,0
-958455,-9.95393e+06,0,0
-871555,-9.96192e+06,0,0
-784589,-9.96915e+06,0,0
-697563,-9.97561e+06,0,0
-610484,-9.98132e+06,0,0
-523358,-9.98627e+06,0,0
-436193,-9.99045e+06,0,0
-348994,-9.99388e+06,0,0
-261769,-9.99655e+06,0,0
-174524,-9.99845e+06,0,0
-87265.1,-9.99959e+06,0,0
1.1028e-08,-9.99997e+06,0,0
87265.1,-9.99959e+06,0,0
174524,-9.99845e+06,0,0
261769,-9.99655e+06,0,0
348994,-9.99388e+06,0,0
436193,-9.99045e+06,0,0
523358,-9.98627e+06,0,0
610484,-9.98132e+06,0,0
697563,-9.97561e+06,0,0
784589,-9.96915e+06,0,0
871555,-9.96192e+06,0,0
958455,-9.95393e+06,0,0
1.04528e+06,-9.94519e+06,0,0
1.13203e+06,-9.93569e+06,0,0
1.21869e+06,-9.92543e+06,0,0
1.30526e+06,-9.91442e+06,0,0
1.39173e+06,-9.90265e+06,0,0
1.47809e+06,-9.89013e+06,0,0
1.56434e+06,-9.87686e+06,0,0
1.65047e+06,-9.86283e+06,0,0
1.73648e+06,-9.84805e+06,0,0
1.82235e+06,-9.83252e+06,0,0
1.90808e+06,-9.81624e+06,0,0
1.99367e+06,-9.79922e+06,0,0
2.07911e+06,-9.78145e+06,0,0
2.16439e+06,-9.76293e+06,0,0
2.2495e+06,-9.74367e+06,0,0
2.33445e+06,-9.72367e+06,0,0
2.41921e+06,-9.70293e+06,0,0
2.50379e+06,-9.68145e+06,0,0
2.58818e+06,-9.65923e+06,0,0
2.67238e+06,-9.63628e+06,0,0
2.75637e+06,-9.61259e+06,0,0
2.84015e+06,-9.58817e+06,0,0
2.92371e+06,-9.56302e+06,0,0
3.00705e+06,-9.53714e+06,0,0
3.09016e+06,-9.51054e+06,0,0
3.17304e+06,-9.48321e+06,0,0
3.25567e+06,-9.45516e+06,0,0
3.33806e+06,-9.42639e+06,0,0
3.42019e+06,-9.3969e+06,0,0
3.50206e+06,-9.3667e+06,0,0
3.58367e+06,-9.33578e+06,0,0
3.665e+06,-9.30415e+06,0,0
3.74606e+06,-9.27181e+06,0,0
3.82682e+06,-9.23877e+06,0,0
3.9073e+06,-9.20502e+06,0,0
3.98748e+06,-9.17057e+06,0,0
4.06735e+06,-9.13543e+06,0,0
4.14692e+06,-9.09959e+06,0,0
4.22617e+06,-9.06305e+06,0,0
4.3051e+06,-9.02583e+06,0,0
4.3837e+06,-8.98792e+06,0,0
4.46197e+06,-8.94932e+06,0,0
4.53989e+06,-8.91004e+06,0,0
4.61747e+06,-8.87008e+06,0,0
4.6947e+06,-8.82945e+06,0,0
4.77157e+06,-8.78815e+06,0,0
4.84808e+06,-8.74617e+06,0,0
4.92422e+06,-8.70353e+06,0,0
4.99999e+06,-8.66023e+06,0,0
5.07537e+06,-8.61627e+06,0,0
5.15037e+06,-8.57165e+06,0,0
5.22497e+06,-8.52638e+06,0,0
5.29918e+06,-8.48046e+06,0,0
5.37298e+06,-8.43389e+06,0,0
5.44637e+06,-8.38668e+06,0,0
5.51935e+06,-8.33883e+06,0,0
5.59191e+06,-8.29035e+06,0,0
5.66405e+06,-8.24124e+06,0,0
5.73575e+06,-8.1915e+06,0,0
5.80701e+06,-8.14113e+06,0,0
5.87784e+06,-8.09015e+06,0,0
5.94821e+06,-8.03855e+06,0,0
6.01813e+06,-7.98633e+06,0,0
6.0876e+06,-7.93351e+06,0,0
6.1566e+06,-7.88009e+06,0,0
6.22513e+06,-7.82606e+06,0,0
6.29319e+06,-7.77144e+06,0,0
6.36076e+06,-7.71622e+06,0,0
6.42786e+06,-7.66042e+06,0,0
6.49446e+06,-7.60404e+06,0,0
6.56057e+06,-7.54707e+06,0,0
6.62618e+06,-7.48954e+06,0,0
6.69129e+06,-7.43143e+06,0,0
6.75588e+06,-7.37275e+06,0,0
6.81996e+06,-7.31352e+06,0,0
6.88353e+06,-7.25372e+06,0,0
6.94656e+06,-7.19338e+06,0,0
7.00907e+06,-7.13248e+06,0,0
7.07105e+06,-7.07105e+06,0,0
7.13248e+06,-7.00907e+06,0,0
7.19338e+06,-6.94656e+06,0,0
7.25372e+06,-6.88353e+06,0,0
7.31352e+06,-6.81996e+06,0,0
7.37275e+06,-6.75588e+06,0,0
7.43143e+06,-6.69129e+06,0,0
7.48954e+06,-6.62618e+06,0,0
7.54707e+06,-6.56057e+06,0,0
7.60404e+06,-6.49446e+06,0,0
7.66042e+06,-6.42786e+06,0,0
7.71622e+06,-6.36076e+06,0,0
7.77144e+06,-6.29319e+06,0,0
7.82606e+06,-6.22513e+06,0,0
7.88008e+06,-6.1566e+06,0,0
7.93351e+06,-6.0876e+06,0,0
7.98633e+06,-6.01813e+06,0,0
8.03855e+06,-5.94821e+06,0,0
8.09015e+06,-5.87784e+06,0,0
8.14113e+06,-5.80701e+06,0,0
8.1915e+06,-5.73575e+06,0,0
8.24124e+06,-5.66405e+06,0,0
8.29035e+06,-5.59191e+06,0,0
8.33883e+06,-5.51935e+06,0,0
8.38668e+06,-5.44637e+06,0,0
8.43389e+06,-5.37298e+06,0,0
8.48046e+06,-5.29918e+06,0,0
8.52638e+06,-5.22497e+06,0,0
8.57165e+06,-5.15037e+06,0,0
8.61627e+06,-5.07537e+06,0,0
8.66023e+06,-4.99999e+06,0,0
8.70353e+06,-4.92422e+06,0,0
8.74617e+06,-4.84808e+06,0,0
8.78815e+06,-4.77157e+06,0,0
8.82945e+06,-4.6947e+06,0,0
8.87008e+06,-4.61747e+06,0,0
8.91004e+06,-4.53989e+06,0,0
8.94932e+06,-4.46197e+06,0,0
8.98791e+06,-4.3837e+06,0,0
9.02583e+06,-4.3051e+06,0,0
9.06305e+06,-4.22617e+06,0,0
9.09959e+06,-4.14692e+06,0,0
9.13543e+06,-4.06735e+06,0,0
9.17057e+06,-3.98748e+06,0,0
9.20502e+06,-3.9073e+06,0,0
9.23877e+06,-3.82682e+06,0,0
9.27181e+06,-3.74605e+06,0,0
9.30415e+06,-3.665e+06,0,0
9.33578e+06,-3.58367e+06,0,0
9.36669e+06,-3.50206e+06,0,0
9.3969e+06,-3.42019e+06,0,0
9.42639e+06,-3.33806e+06,0,0
9.45516e+06,-3.25567e+06,0,0
9.48321e+06,-3.17304e+06,0,0
9.51054e+06,-3.09016e+06,0,0
9.53714e+06,-3.00705e+06,0,0
9.56302e+06,-2.92371e+06,0,0
9.58817e+06,-2.84015e+06,0,0
9.61259e+06,-2.75637e+06,0,0
9.63628e+06,-2.67238e+06,0,0
9.65923e+06,-2.58818e+06,0,0
9.68145e+06,-2.50379e+06,0,0
9.70293e+06,-2.41921e+06,0,0
9.72367e+06,-2.33445e+06,0,0
9.74367e+06,-2.2495e+06,0,0
9.76293e+06,-2.16439e+06,0,0
9.78145e+06,-2.07911e+06,0,0
9.79922e+06,-1.99367e+06,0,0
9.81624e+06,-1.90808e+06,0,0
9.83252e+06,-1.82235e+06,0,0
9.84805e+06,-1.73648e+06,0,0
9.86283e+06,-1.65047e+06,0,0
9.87685e+06,-1.56434e+06,0,0
9.89013e+06,-1.47809e+06,0,0
9.90265e+06,-1.39173e+06,0,0
9.91442e+06,-1.30526e+06,0,0
9.92543e+06,-1.21869e+06,0,0
9.93569e+06,-1.13203e+06,0,0
9.94519e+06,-1.04528e+06,0,0
9.95393e+06,-958455,0,0
9.96192e+06,-871555,0,0
9.96914e+06,-784589,0,0
9.97561e+06,-697563,0,0
9.98132e+06,-610484,0,0
9.98627e+06,-523358,0,0
9.99045e+06,-436193,0,0
9.99388e+06,-348994,0,0
9.99654e+06,-261769,0,0
9.99845e+06,-174524,0,0
9.99959e+06,-87265.1,0,0
9.99997e+06,-7.34786e-09,0,0
9.99959e+06,87265.1,0,0
9.99845e+06,174524,0,0
9.99654e+06,261769,0,0
9.99388e+06,348994,0,0
9.99045e+06,436193,0,0
9.98627e+06,523358,0,0
9.98132e+06,610484,0,0
9.97561e+06,697563,0,0
9.96914e+06,784589,0,0
9.96192e+06,871555,0,0
9.95393e+06,958455,0,0
9.94519e+06,1.04528e+06,0,0
9.93569e+06,1.13203e+06,0,0
9.92543e+06,1.21869e+06,0,0
9.91442e+06,1.30526e+06,0,0
9.90265e+06,1.39173e+06,0,0
9.89013e+06,1.47809e+06,0,0
9.87685e+06,1.56434e+06,0,0
9.86283e+06,1.65047e+06,0,0
9.84805e+06,1.73648e+06,0,0
9.83252e+06,1.82235e+06,0,0
9.81624e+06,1.90808e+06,0,0
9.79922e+06,1.99367e+06,0,0
9.78145e+06,2.07911e+06,0,0
9.76293e+06,2.16439e+06,0,0
9.74367e+06,2.2495e+06,0,0
9.72367e+06,2.33445e+06,0,0
9.70293e+06,2.41921e+06,0,0
9.68145e+06,2.50379e+06,0,0
9.65923e+06,2.58818e+06,0,0
9.63628e+06,2.67238e+06,0,0
9.61259e+06,2.75637e+06,0,0
9.58817e+06,2.84014e+06,0,0
9.56302e+06,2.92371e+06,0,0
9.53714e+06,3.00705e+06,0,0
9.51054e+06,3.09016e+06,0,0
9.48321e+06,3.17304e+06,0,0
9.45516e+06,3.25567e+06,0,0
9.42639e+06,3.33806e+06,0,0
9.3969e+06,3.42019e+06,0,0
9.36669e+06,3.50206e+06,0,0
9.33578e+06,3.58367e+06,0,0
9.30415e+06,3.665e+06,0,0
9.27181e+06,3.74605e+06,0,0
9.23877e+06,3.82682e+06,0,0
9.20502e+06,3.9073e+06,0,0
9.17057e+06,3.98748e+06,0,0
9.13543e+06,4.06735e+06,0,0
9.09958e+06,4.14692e+06,0,0
9.06305e+06,4.22617e+06,0,0
9.02583e+06,4.3051e+06,0,0
8.98791e+06,4.3837e+06,0,0
8.94932e+06,4.46196e+06,0,0
8.91004e+06,4.53989e+06,0,0
8.87008e+06,4.61747e+06,0,0
8.82945e+06,4.6947e+06,0,0
8.78814e+06,4.77157e+06,0,0
8.74617e+06,4.84808e+06,0,0
8.70353e+06,4.92422e+06,0,0
8.66023e+06,4.99998e+06,0,0
8.61627e+06,5.07537e+06,0,0
8.57165e+06,5.15036e+06,0,0
8.52638e+06,5.22497e+06,0,0
8.48045e+06,5.29918e+06,0,0
8.43389e+06,5.37298e+06,0,0
8.38668e+06,5.44637e+06,0,0
8.33883e+06,5.51935e+06,0,0
8.29035e+06,5.59191e+06,0,0
8.24124e+06,5.66404e+06,0,0
8.1915e+06,5.73575e+06,0,0
8.14113e+06,5.80701e+06,0,0
8.09014e+06,5.87783e+06,0,0
8.03854e+06,5.94821e+06,0,0
7.98633e+06,6.01813e+06,0,0
7.93351e+06,6.0876e+06,0,0
7.88008e+06,6.1566e+06,0,0
7.82606e+06,6.22513e+06,0,0
7.77144e+06,6.29318e+06,0,0
7.71622e+06,6.36076e+06,0,0
7.66042e+06,6.42786e+06,0,0
7.60404e+06,6.49446e+06,0,0
7.54707e+06,6.56057e+06,0,0
7.48953e+06,6.62618e+06,0,0
7.43143e+06,6.69129e+06,0,0
7.37275e+06,6.75588e+06,0,0
7.31351e+06,6.81996e+06,0,0
7.25372e+06,6.88352e+06,0,0
7.19338e+06,6.94656e+06,0,0
7.13248e+06,7.00907e+06,0,0
7.07105e+06,7.07105e+06,0,0
7.00907e+06,7.13248e+06,0,0
6.94656e+06,7.19338e+06,0,0
6.88352e+06,7.25372e+06,0,0
6.81996e+06,7.31351e+06,0,0
6.75588e+06,7.37275e+06,0,0
6.69129e+06,7.43142e+06,0,0
6.62618e+06,7.48953e+06,0,0
6.56057e+06,7.54707e+06,0,0
6.49446e+06,7.60404e+06,0,0
6.42786e+06,7.66042e+06,0,0
6.36076e+06,7.71622e+06,0,0
6.29318e+06,7.77144e+06,0,0
6.22513e+06,7.82606e+06,0,0
6.1566e+06,7.88008e+06,0,0
6.0876e+06,7.93351e+06,0,0
6.01813e+06,7.98633e+06,0,0
5.94821e+06,8.03854e+06,0,0
5.87783e+06,8.09014e+06,0,0
5.80701e+06,8.14113e+06,0,0
5.73575e+06,8.19149e+06,0,0
5.66404e+06,8.24124e+06,0,0
5.59191e+06,8.29035e+06,0,0
5.51935e+06,8.33883e+06,0,0
5.44637e+06,8.38668e+06,0,0
5.37298e+06,8.43389e+06,0,0
5.29918e+06,8.48045e+06,0,0
5.22497e+06,8.52637e+06,0,0
5.15036e+06,8.57165e+06,0,0
5.07537e+06,8.61626e+06,0,0
4.99998e+06,8.66023e+06,0,0
4.92422e+06,8.70353e+06,0,0
4.84808e+06,8.74617e+06,0,0
4.77157e+06,8.78814e+06,0,0
4.6947e+06,8.82945e+06,0,0
4.61747e+06,8.87008e+06,0,0
4.53989e+06,8.91004e+06,0,0
4.46196e+06,8.94932e+06,0,0
4.3837e+06,8.98791e+06,0,0
4.3051e+06,9.02582e+06,0,0
4.22617e+06,9.06305e+06,0,0
4.14692e+06,9.09958e+06,0,0
4.06735e+06,9.13543e+06,0,0
3.98748e+06,9.17057e+06,0,0
3.9073e+06,9.20502e+06,0,0
3.82682e+06,9.23877e+06,0,0
3.74605e+06,9.27181e+06,0,0
3.665e+06,9.30415e+06,0,0
3.58367e+06,9.33577e+06,0,0
3.50206e+06,9.36669e+06,0,0
3.42019e+06,9.3969e+06,0,0
3.33806e+06,9.42638e+06,0,0
3.25567e+06,9.45516e+06,0,0
3.17304e+06,9.48321e+06,0,0
3.09016e+06,9.51053e+06,0,0
3.00705e+06,9.53714e+06,0,0
2.92371e+06,9.56302e+06,0,0
